Copyright 1986-2022 Xilinx, Inc. All Rights Reserved.
------------------------------------------------------------------------------------------------------------------------------------------------------------------------------------------------------
| Tool Version : Vivado v.2022.2 (win64) Build 3671981 Fri Oct 14 05:00:03 MDT 2022
| Date         : Sat May  2 12:07:53 2026
| Host         : v78-g110b-w0006 running 64-bit major release  (build 9200)
| Command      : report_timing_summary -max_paths 10 -report_unconstrained -file TOP_timing_summary_routed.rpt -pb TOP_timing_summary_routed.pb -rpx TOP_timing_summary_routed.rpx -warn_on_violation
| Design       : TOP
| Device       : 7a100t-csg324
| Speed File   : -1  PRODUCTION 1.23 2018-06-13
------------------------------------------------------------------------------------------------------------------------------------------------------------------------------------------------------

Timing Summary Report

------------------------------------------------------------------------------------------------
| Timer Settings
| --------------
------------------------------------------------------------------------------------------------

  Enable Multi Corner Analysis               :  Yes
  Enable Pessimism Removal                   :  Yes
  Pessimism Removal Resolution               :  Nearest Common Node
  Enable Input Delay Default Clock           :  No
  Enable Preset / Clear Arcs                 :  No
  Disable Flight Delays                      :  No
  Ignore I/O Paths                           :  No
  Timing Early Launch at Borrowing Latches   :  No
  Borrow Time for Max Delay Exceptions       :  Yes
  Merge Timing Exceptions                    :  Yes

  Corner  Analyze    Analyze    
  Name    Max Paths  Min Paths  
  ------  ---------  ---------  
  Slow    Yes        Yes        
  Fast    Yes        Yes        


------------------------------------------------------------------------------------------------
| Report Methodology
| ------------------
------------------------------------------------------------------------------------------------

Rule       Severity  Description                    Violations  
---------  --------  -----------------------------  ----------  
TIMING-18  Warning   Missing input or output delay  5           

Note: This report is based on the most recent report_methodology run and may not be up-to-date. Run report_methodology on the current design for the latest report.



check_timing report

Table of Contents
-----------------
1. checking no_clock (0)
2. checking constant_clock (0)
3. checking pulse_width_clock (0)
4. checking unconstrained_internal_endpoints (0)
5. checking no_input_delay (4)
6. checking no_output_delay (1)
7. checking multiple_clock (0)
8. checking generated_clocks (0)
9. checking loops (0)
10. checking partial_input_delay (0)
11. checking partial_output_delay (0)
12. checking latch_loops (0)

1. checking no_clock (0)
------------------------
 There are 0 register/latch pins with no clock.


2. checking constant_clock (0)
------------------------------
 There are 0 register/latch pins with constant_clock.


3. checking pulse_width_clock (0)
---------------------------------
 There are 0 register/latch pins which need pulse_width check


4. checking unconstrained_internal_endpoints (0)
------------------------------------------------
 There are 0 pins that are not constrained for maximum delay.

 There are 0 pins that are not constrained for maximum delay due to constant clock.


5. checking no_input_delay (4)
------------------------------
 There are 4 input ports with no input delay specified. (HIGH)

 There are 0 input ports with no input delay but user has a false path constraint.


6. checking no_output_delay (1)
-------------------------------
 There is 1 port with no output delay specified. (HIGH)

 There are 0 ports with no output delay but user has a false path constraint

 There are 0 ports with no output delay but with a timing clock defined on it or propagating through it


7. checking multiple_clock (0)
------------------------------
 There are 0 register/latch pins with multiple clocks.


8. checking generated_clocks (0)
--------------------------------
 There are 0 generated clocks that are not connected to a clock source.


9. checking loops (0)
---------------------
 There are 0 combinational loops in the design.


10. checking partial_input_delay (0)
------------------------------------
 There are 0 input ports with partial input delay specified.


11. checking partial_output_delay (0)
-------------------------------------
 There are 0 ports with partial output delay specified.


12. checking latch_loops (0)
----------------------------
 There are 0 combinational latch loops in the design through latch input



------------------------------------------------------------------------------------------------
| Design Timing Summary
| ---------------------
------------------------------------------------------------------------------------------------

    WNS(ns)      TNS(ns)  TNS Failing Endpoints  TNS Total Endpoints      WHS(ns)      THS(ns)  THS Failing Endpoints  THS Total Endpoints     WPWS(ns)     TPWS(ns)  TPWS Failing Endpoints  TPWS Total Endpoints  
    -------      -------  ---------------------  -------------------      -------      -------  ---------------------  -------------------     --------     --------  ----------------------  --------------------  
      1.836        0.000                      0                  772        0.046        0.000                      0                  772        4.500        0.000                       0                   273  


All user specified timing constraints are met.


------------------------------------------------------------------------------------------------
| Clock Summary
| -------------
------------------------------------------------------------------------------------------------

Clock        Waveform(ns)       Period(ns)      Frequency(MHz)
-----        ------------       ----------      --------------
sys_clk_pin  {0.000 5.000}      10.000          100.000         


------------------------------------------------------------------------------------------------
| Intra Clock Table
| -----------------
------------------------------------------------------------------------------------------------

Clock             WNS(ns)      TNS(ns)  TNS Failing Endpoints  TNS Total Endpoints      WHS(ns)      THS(ns)  THS Failing Endpoints  THS Total Endpoints     WPWS(ns)     TPWS(ns)  TPWS Failing Endpoints  TPWS Total Endpoints  
-----             -------      -------  ---------------------  -------------------      -------      -------  ---------------------  -------------------     --------     --------  ----------------------  --------------------  
sys_clk_pin         1.836        0.000                      0                  542        0.046        0.000                      0                  542        4.500        0.000                       0                   273  


------------------------------------------------------------------------------------------------
| Inter Clock Table
| -----------------
------------------------------------------------------------------------------------------------

From Clock    To Clock          WNS(ns)      TNS(ns)  TNS Failing Endpoints  TNS Total Endpoints      WHS(ns)      THS(ns)  THS Failing Endpoints  THS Total Endpoints  
----------    --------          -------      -------  ---------------------  -------------------      -------      -------  ---------------------  -------------------  


------------------------------------------------------------------------------------------------
| Other Path Groups Table
| -----------------------
------------------------------------------------------------------------------------------------

Path Group         From Clock         To Clock               WNS(ns)      TNS(ns)  TNS Failing Endpoints  TNS Total Endpoints      WHS(ns)      THS(ns)  THS Failing Endpoints  THS Total Endpoints  
----------         ----------         --------               -------      -------  ---------------------  -------------------      -------      -------  ---------------------  -------------------  
**async_default**  sys_clk_pin        sys_clk_pin              5.057        0.000                      0                  230        0.560        0.000                      0                  230  


------------------------------------------------------------------------------------------------
| User Ignored Path Table
| -----------------------
------------------------------------------------------------------------------------------------

Path Group    From Clock    To Clock    
----------    ----------    --------    


------------------------------------------------------------------------------------------------
| Unconstrained Path Table
| ------------------------
------------------------------------------------------------------------------------------------

Path Group    From Clock    To Clock    
----------    ----------    --------    
(none)        sys_clk_pin                 
(none)                      sys_clk_pin   


------------------------------------------------------------------------------------------------
| Timing Details
| --------------
------------------------------------------------------------------------------------------------


---------------------------------------------------------------------------------------------------
From Clock:  sys_clk_pin
  To Clock:  sys_clk_pin

Setup :            0  Failing Endpoints,  Worst Slack        1.836ns,  Total Violation        0.000ns
Hold  :            0  Failing Endpoints,  Worst Slack        0.046ns,  Total Violation        0.000ns
PW    :            0  Failing Endpoints,  Worst Slack        4.500ns,  Total Violation        0.000ns
---------------------------------------------------------------------------------------------------


Max Delay Paths
--------------------------------------------------------------------------------------
Slack (MET) :             1.836ns  (required time - arrival time)
  Source:                 CLK_DIV/cntr/out_reg[14]/C
                            (rising edge-triggered cell FDCE clocked by sys_clk_pin  {rise@0.000ns fall@5.000ns period=10.000ns})
  Destination:            CLK_DIV/cntr/out_reg[5]/D
                            (rising edge-triggered cell FDCE clocked by sys_clk_pin  {rise@0.000ns fall@5.000ns period=10.000ns})
  Path Group:             sys_clk_pin
  Path Type:              Setup (Max at Slow Process Corner)
  Requirement:            10.000ns  (sys_clk_pin rise@10.000ns - sys_clk_pin rise@0.000ns)
  Data Path Delay:        8.052ns  (logic 5.177ns (64.297%)  route 2.875ns (35.703%))
  Logic Levels:           10  (CARRY4=8 LUT2=1 LUT3=1)
  Clock Path Skew:        -0.106ns (DCD - SCD + CPR)
    Destination Clock Delay (DCD):    5.027ns = ( 15.027 - 10.000 ) 
    Source Clock Delay      (SCD):    5.312ns
    Clock Pessimism Removal (CPR):    0.180ns
  Clock Uncertainty:      0.035ns  ((TSJ^2 + TIJ^2)^1/2 + DJ) / 2 + PE
    Total System Jitter     (TSJ):    0.071ns
    Total Input Jitter      (TIJ):    0.000ns
    Discrete Jitter          (DJ):    0.000ns
    Phase Error              (PE):    0.000ns

    Location             Delay type                Incr(ns)  Path(ns)    Netlist Resource(s)
  -------------------------------------------------------------------    -------------------
                         (clock sys_clk_pin rise edge)
                                                      0.000     0.000 r  
    E3                                                0.000     0.000 r  CLK (IN)
                         net (fo=0)                   0.000     0.000    CLK
    E3                   IBUF (Prop_ibuf_I_O)         1.482     1.482 r  CLK_IBUF_inst/O
                         net (fo=1, routed)           2.025     3.506    CLK_IBUF
    BUFGCTRL_X0Y16       BUFG (Prop_bufg_I_O)         0.096     3.602 r  CLK_IBUF_BUFG_inst/O
                         net (fo=272, routed)         1.710     5.312    CLK_DIV/cntr/CLK
    SLICE_X2Y100         FDCE                                         r  CLK_DIV/cntr/out_reg[14]/C
  -------------------------------------------------------------------    -------------------
    SLICE_X2Y100         FDCE (Prop_fdce_C_Q)         0.478     5.790 r  CLK_DIV/cntr/out_reg[14]/Q
                         net (fo=2, routed)           0.622     6.412    CLK_DIV/cntr/out[14]
    SLICE_X0Y100         CARRY4 (Prop_carry4_S[1]_CO[3])
                                                      0.846     7.258 r  CLK_DIV/cntr/out1_carry__2/CO[3]
                         net (fo=1, routed)           0.000     7.258    CLK_DIV/cntr/out1_carry__2_n_0
    SLICE_X0Y101         CARRY4 (Prop_carry4_CI_CO[0])
                                                      0.271     7.529 r  CLK_DIV/cntr/out0_carry_i_1/CO[0]
                         net (fo=8, routed)           0.527     8.056    CLK_DIV/cntr/out1[17]
    SLICE_X2Y99          CARRY4 (Prop_carry4_S[1]_CO[2])
                                                      0.947     9.003 r  CLK_DIV/cntr/out0_carry/CO[2]
                         net (fo=1, routed)           0.401     9.403    CLK_DIV/cntr/out0_carry_n_1
    SLICE_X1Y98          LUT2 (Prop_lut2_I1_O)        0.310     9.713 r  CLK_DIV/cntr/out0__7_carry__0_i_2/O
                         net (fo=1, routed)           0.000     9.713    CLK_DIV/cntr/out0__7_carry__0_i_2_n_0
    SLICE_X1Y98          CARRY4 (Prop_carry4_S[2]_CO[3])
                                                      0.398    10.111 r  CLK_DIV/cntr/out0__7_carry__0/CO[3]
                         net (fo=1, routed)           0.000    10.111    CLK_DIV/cntr/out0__7_carry__0_n_0
    SLICE_X1Y99          CARRY4 (Prop_carry4_CI_O[1])
                                                      0.334    10.445 r  CLK_DIV/cntr/out0__7_carry__1/O[1]
                         net (fo=2, routed)           0.492    10.937    CLK_DIV/cntr/out0__7_carry__1_n_6
    SLICE_X3Y100         CARRY4 (Prop_carry4_S[0]_CO[3])
                                                      0.835    11.772 r  CLK_DIV/cntr/out0__49_carry__0/CO[3]
                         net (fo=1, routed)           0.000    11.772    CLK_DIV/cntr/out0__49_carry__0_n_0
    SLICE_X3Y101         CARRY4 (Prop_carry4_CI_CO[3])
                                                      0.114    11.886 r  CLK_DIV/cntr/out0__49_carry__1/CO[3]
                         net (fo=1, routed)           0.000    11.886    CLK_DIV/cntr/out0__49_carry__1_n_0
    SLICE_X3Y102         CARRY4 (Prop_carry4_CI_CO[0])
                                                      0.271    12.157 r  CLK_DIV/cntr/out0__49_carry__2/CO[0]
                         net (fo=12, routed)          0.834    12.991    CLK_DIV/cntr/out0__49_carry__2_n_3
    SLICE_X4Y98          LUT3 (Prop_lut3_I1_O)        0.373    13.364 r  CLK_DIV/cntr/out[5]_i_1/O
                         net (fo=1, routed)           0.000    13.364    CLK_DIV/cntr/out00_in[5]
    SLICE_X4Y98          FDCE                                         r  CLK_DIV/cntr/out_reg[5]/D
  -------------------------------------------------------------------    -------------------

                         (clock sys_clk_pin rise edge)
                                                     10.000    10.000 r  
    E3                                                0.000    10.000 r  CLK (IN)
                         net (fo=0)                   0.000    10.000    CLK
    E3                   IBUF (Prop_ibuf_I_O)         1.411    11.411 r  CLK_IBUF_inst/O
                         net (fo=1, routed)           1.920    13.331    CLK_IBUF
    BUFGCTRL_X0Y16       BUFG (Prop_bufg_I_O)         0.091    13.422 r  CLK_IBUF_BUFG_inst/O
                         net (fo=272, routed)         1.604    15.027    CLK_DIV/cntr/CLK
    SLICE_X4Y98          FDCE                                         r  CLK_DIV/cntr/out_reg[5]/C
                         clock pessimism              0.180    15.207    
                         clock uncertainty           -0.035    15.171    
    SLICE_X4Y98          FDCE (Setup_fdce_C_D)        0.029    15.200    CLK_DIV/cntr/out_reg[5]
  -------------------------------------------------------------------
                         required time                         15.200    
                         arrival time                         -13.364    
  -------------------------------------------------------------------
                         slack                                  1.836    

Slack (MET) :             1.850ns  (required time - arrival time)
  Source:                 CLK_DIV/cntr/out_reg[14]/C
                            (rising edge-triggered cell FDCE clocked by sys_clk_pin  {rise@0.000ns fall@5.000ns period=10.000ns})
  Destination:            CLK_DIV/cntr/out_reg[7]/D
                            (rising edge-triggered cell FDCE clocked by sys_clk_pin  {rise@0.000ns fall@5.000ns period=10.000ns})
  Path Group:             sys_clk_pin
  Path Type:              Setup (Max at Slow Process Corner)
  Requirement:            10.000ns  (sys_clk_pin rise@10.000ns - sys_clk_pin rise@0.000ns)
  Data Path Delay:        8.040ns  (logic 5.177ns (64.387%)  route 2.863ns (35.613%))
  Logic Levels:           10  (CARRY4=8 LUT2=1 LUT3=1)
  Clock Path Skew:        -0.106ns (DCD - SCD + CPR)
    Destination Clock Delay (DCD):    5.027ns = ( 15.027 - 10.000 ) 
    Source Clock Delay      (SCD):    5.312ns
    Clock Pessimism Removal (CPR):    0.180ns
  Clock Uncertainty:      0.035ns  ((TSJ^2 + TIJ^2)^1/2 + DJ) / 2 + PE
    Total System Jitter     (TSJ):    0.071ns
    Total Input Jitter      (TIJ):    0.000ns
    Discrete Jitter          (DJ):    0.000ns
    Phase Error              (PE):    0.000ns

    Location             Delay type                Incr(ns)  Path(ns)    Netlist Resource(s)
  -------------------------------------------------------------------    -------------------
                         (clock sys_clk_pin rise edge)
                                                      0.000     0.000 r  
    E3                                                0.000     0.000 r  CLK (IN)
                         net (fo=0)                   0.000     0.000    CLK
    E3                   IBUF (Prop_ibuf_I_O)         1.482     1.482 r  CLK_IBUF_inst/O
                         net (fo=1, routed)           2.025     3.506    CLK_IBUF
    BUFGCTRL_X0Y16       BUFG (Prop_bufg_I_O)         0.096     3.602 r  CLK_IBUF_BUFG_inst/O
                         net (fo=272, routed)         1.710     5.312    CLK_DIV/cntr/CLK
    SLICE_X2Y100         FDCE                                         r  CLK_DIV/cntr/out_reg[14]/C
  -------------------------------------------------------------------    -------------------
    SLICE_X2Y100         FDCE (Prop_fdce_C_Q)         0.478     5.790 r  CLK_DIV/cntr/out_reg[14]/Q
                         net (fo=2, routed)           0.622     6.412    CLK_DIV/cntr/out[14]
    SLICE_X0Y100         CARRY4 (Prop_carry4_S[1]_CO[3])
                                                      0.846     7.258 r  CLK_DIV/cntr/out1_carry__2/CO[3]
                         net (fo=1, routed)           0.000     7.258    CLK_DIV/cntr/out1_carry__2_n_0
    SLICE_X0Y101         CARRY4 (Prop_carry4_CI_CO[0])
                                                      0.271     7.529 r  CLK_DIV/cntr/out0_carry_i_1/CO[0]
                         net (fo=8, routed)           0.527     8.056    CLK_DIV/cntr/out1[17]
    SLICE_X2Y99          CARRY4 (Prop_carry4_S[1]_CO[2])
                                                      0.947     9.003 r  CLK_DIV/cntr/out0_carry/CO[2]
                         net (fo=1, routed)           0.401     9.403    CLK_DIV/cntr/out0_carry_n_1
    SLICE_X1Y98          LUT2 (Prop_lut2_I1_O)        0.310     9.713 r  CLK_DIV/cntr/out0__7_carry__0_i_2/O
                         net (fo=1, routed)           0.000     9.713    CLK_DIV/cntr/out0__7_carry__0_i_2_n_0
    SLICE_X1Y98          CARRY4 (Prop_carry4_S[2]_CO[3])
                                                      0.398    10.111 r  CLK_DIV/cntr/out0__7_carry__0/CO[3]
                         net (fo=1, routed)           0.000    10.111    CLK_DIV/cntr/out0__7_carry__0_n_0
    SLICE_X1Y99          CARRY4 (Prop_carry4_CI_O[1])
                                                      0.334    10.445 r  CLK_DIV/cntr/out0__7_carry__1/O[1]
                         net (fo=2, routed)           0.492    10.937    CLK_DIV/cntr/out0__7_carry__1_n_6
    SLICE_X3Y100         CARRY4 (Prop_carry4_S[0]_CO[3])
                                                      0.835    11.772 r  CLK_DIV/cntr/out0__49_carry__0/CO[3]
                         net (fo=1, routed)           0.000    11.772    CLK_DIV/cntr/out0__49_carry__0_n_0
    SLICE_X3Y101         CARRY4 (Prop_carry4_CI_CO[3])
                                                      0.114    11.886 r  CLK_DIV/cntr/out0__49_carry__1/CO[3]
                         net (fo=1, routed)           0.000    11.886    CLK_DIV/cntr/out0__49_carry__1_n_0
    SLICE_X3Y102         CARRY4 (Prop_carry4_CI_CO[0])
                                                      0.271    12.157 r  CLK_DIV/cntr/out0__49_carry__2/CO[0]
                         net (fo=12, routed)          0.823    12.980    CLK_DIV/cntr/out0__49_carry__2_n_3
    SLICE_X4Y98          LUT3 (Prop_lut3_I1_O)        0.373    13.353 r  CLK_DIV/cntr/out[7]_i_1/O
                         net (fo=1, routed)           0.000    13.353    CLK_DIV/cntr/out00_in[7]
    SLICE_X4Y98          FDCE                                         r  CLK_DIV/cntr/out_reg[7]/D
  -------------------------------------------------------------------    -------------------

                         (clock sys_clk_pin rise edge)
                                                     10.000    10.000 r  
    E3                                                0.000    10.000 r  CLK (IN)
                         net (fo=0)                   0.000    10.000    CLK
    E3                   IBUF (Prop_ibuf_I_O)         1.411    11.411 r  CLK_IBUF_inst/O
                         net (fo=1, routed)           1.920    13.331    CLK_IBUF
    BUFGCTRL_X0Y16       BUFG (Prop_bufg_I_O)         0.091    13.422 r  CLK_IBUF_BUFG_inst/O
                         net (fo=272, routed)         1.604    15.027    CLK_DIV/cntr/CLK
    SLICE_X4Y98          FDCE                                         r  CLK_DIV/cntr/out_reg[7]/C
                         clock pessimism              0.180    15.207    
                         clock uncertainty           -0.035    15.171    
    SLICE_X4Y98          FDCE (Setup_fdce_C_D)        0.031    15.202    CLK_DIV/cntr/out_reg[7]
  -------------------------------------------------------------------
                         required time                         15.202    
                         arrival time                         -13.353    
  -------------------------------------------------------------------
                         slack                                  1.850    

Slack (MET) :             1.856ns  (required time - arrival time)
  Source:                 CLK_DIV/cntr/out_reg[14]/C
                            (rising edge-triggered cell FDCE clocked by sys_clk_pin  {rise@0.000ns fall@5.000ns period=10.000ns})
  Destination:            CLK_DIV/cntr/out_reg[6]/D
                            (rising edge-triggered cell FDCE clocked by sys_clk_pin  {rise@0.000ns fall@5.000ns period=10.000ns})
  Path Group:             sys_clk_pin
  Path Type:              Setup (Max at Slow Process Corner)
  Requirement:            10.000ns  (sys_clk_pin rise@10.000ns - sys_clk_pin rise@0.000ns)
  Data Path Delay:        8.078ns  (logic 5.203ns (64.412%)  route 2.875ns (35.588%))
  Logic Levels:           10  (CARRY4=8 LUT2=1 LUT3=1)
  Clock Path Skew:        -0.106ns (DCD - SCD + CPR)
    Destination Clock Delay (DCD):    5.027ns = ( 15.027 - 10.000 ) 
    Source Clock Delay      (SCD):    5.312ns
    Clock Pessimism Removal (CPR):    0.180ns
  Clock Uncertainty:      0.035ns  ((TSJ^2 + TIJ^2)^1/2 + DJ) / 2 + PE
    Total System Jitter     (TSJ):    0.071ns
    Total Input Jitter      (TIJ):    0.000ns
    Discrete Jitter          (DJ):    0.000ns
    Phase Error              (PE):    0.000ns

    Location             Delay type                Incr(ns)  Path(ns)    Netlist Resource(s)
  -------------------------------------------------------------------    -------------------
                         (clock sys_clk_pin rise edge)
                                                      0.000     0.000 r  
    E3                                                0.000     0.000 r  CLK (IN)
                         net (fo=0)                   0.000     0.000    CLK
    E3                   IBUF (Prop_ibuf_I_O)         1.482     1.482 r  CLK_IBUF_inst/O
                         net (fo=1, routed)           2.025     3.506    CLK_IBUF
    BUFGCTRL_X0Y16       BUFG (Prop_bufg_I_O)         0.096     3.602 r  CLK_IBUF_BUFG_inst/O
                         net (fo=272, routed)         1.710     5.312    CLK_DIV/cntr/CLK
    SLICE_X2Y100         FDCE                                         r  CLK_DIV/cntr/out_reg[14]/C
  -------------------------------------------------------------------    -------------------
    SLICE_X2Y100         FDCE (Prop_fdce_C_Q)         0.478     5.790 r  CLK_DIV/cntr/out_reg[14]/Q
                         net (fo=2, routed)           0.622     6.412    CLK_DIV/cntr/out[14]
    SLICE_X0Y100         CARRY4 (Prop_carry4_S[1]_CO[3])
                                                      0.846     7.258 r  CLK_DIV/cntr/out1_carry__2/CO[3]
                         net (fo=1, routed)           0.000     7.258    CLK_DIV/cntr/out1_carry__2_n_0
    SLICE_X0Y101         CARRY4 (Prop_carry4_CI_CO[0])
                                                      0.271     7.529 r  CLK_DIV/cntr/out0_carry_i_1/CO[0]
                         net (fo=8, routed)           0.527     8.056    CLK_DIV/cntr/out1[17]
    SLICE_X2Y99          CARRY4 (Prop_carry4_S[1]_CO[2])
                                                      0.947     9.003 r  CLK_DIV/cntr/out0_carry/CO[2]
                         net (fo=1, routed)           0.401     9.403    CLK_DIV/cntr/out0_carry_n_1
    SLICE_X1Y98          LUT2 (Prop_lut2_I1_O)        0.310     9.713 r  CLK_DIV/cntr/out0__7_carry__0_i_2/O
                         net (fo=1, routed)           0.000     9.713    CLK_DIV/cntr/out0__7_carry__0_i_2_n_0
    SLICE_X1Y98          CARRY4 (Prop_carry4_S[2]_CO[3])
                                                      0.398    10.111 r  CLK_DIV/cntr/out0__7_carry__0/CO[3]
                         net (fo=1, routed)           0.000    10.111    CLK_DIV/cntr/out0__7_carry__0_n_0
    SLICE_X1Y99          CARRY4 (Prop_carry4_CI_O[1])
                                                      0.334    10.445 r  CLK_DIV/cntr/out0__7_carry__1/O[1]
                         net (fo=2, routed)           0.492    10.937    CLK_DIV/cntr/out0__7_carry__1_n_6
    SLICE_X3Y100         CARRY4 (Prop_carry4_S[0]_CO[3])
                                                      0.835    11.772 r  CLK_DIV/cntr/out0__49_carry__0/CO[3]
                         net (fo=1, routed)           0.000    11.772    CLK_DIV/cntr/out0__49_carry__0_n_0
    SLICE_X3Y101         CARRY4 (Prop_carry4_CI_CO[3])
                                                      0.114    11.886 r  CLK_DIV/cntr/out0__49_carry__1/CO[3]
                         net (fo=1, routed)           0.000    11.886    CLK_DIV/cntr/out0__49_carry__1_n_0
    SLICE_X3Y102         CARRY4 (Prop_carry4_CI_CO[0])
                                                      0.271    12.157 r  CLK_DIV/cntr/out0__49_carry__2/CO[0]
                         net (fo=12, routed)          0.834    12.991    CLK_DIV/cntr/out0__49_carry__2_n_3
    SLICE_X4Y98          LUT3 (Prop_lut3_I1_O)        0.399    13.390 r  CLK_DIV/cntr/out[6]_i_1/O
                         net (fo=1, routed)           0.000    13.390    CLK_DIV/cntr/out00_in[6]
    SLICE_X4Y98          FDCE                                         r  CLK_DIV/cntr/out_reg[6]/D
  -------------------------------------------------------------------    -------------------

                         (clock sys_clk_pin rise edge)
                                                     10.000    10.000 r  
    E3                                                0.000    10.000 r  CLK (IN)
                         net (fo=0)                   0.000    10.000    CLK
    E3                   IBUF (Prop_ibuf_I_O)         1.411    11.411 r  CLK_IBUF_inst/O
                         net (fo=1, routed)           1.920    13.331    CLK_IBUF
    BUFGCTRL_X0Y16       BUFG (Prop_bufg_I_O)         0.091    13.422 r  CLK_IBUF_BUFG_inst/O
                         net (fo=272, routed)         1.604    15.027    CLK_DIV/cntr/CLK
    SLICE_X4Y98          FDCE                                         r  CLK_DIV/cntr/out_reg[6]/C
                         clock pessimism              0.180    15.207    
                         clock uncertainty           -0.035    15.171    
    SLICE_X4Y98          FDCE (Setup_fdce_C_D)        0.075    15.246    CLK_DIV/cntr/out_reg[6]
  -------------------------------------------------------------------
                         required time                         15.246    
                         arrival time                         -13.390    
  -------------------------------------------------------------------
                         slack                                  1.856    

Slack (MET) :             1.868ns  (required time - arrival time)
  Source:                 CLK_DIV/cntr/out_reg[14]/C
                            (rising edge-triggered cell FDCE clocked by sys_clk_pin  {rise@0.000ns fall@5.000ns period=10.000ns})
  Destination:            CLK_DIV/cntr/out_reg[8]/D
                            (rising edge-triggered cell FDCE clocked by sys_clk_pin  {rise@0.000ns fall@5.000ns period=10.000ns})
  Path Group:             sys_clk_pin
  Path Type:              Setup (Max at Slow Process Corner)
  Requirement:            10.000ns  (sys_clk_pin rise@10.000ns - sys_clk_pin rise@0.000ns)
  Data Path Delay:        8.066ns  (logic 5.203ns (64.502%)  route 2.863ns (35.498%))
  Logic Levels:           10  (CARRY4=8 LUT2=1 LUT3=1)
  Clock Path Skew:        -0.106ns (DCD - SCD + CPR)
    Destination Clock Delay (DCD):    5.027ns = ( 15.027 - 10.000 ) 
    Source Clock Delay      (SCD):    5.312ns
    Clock Pessimism Removal (CPR):    0.180ns
  Clock Uncertainty:      0.035ns  ((TSJ^2 + TIJ^2)^1/2 + DJ) / 2 + PE
    Total System Jitter     (TSJ):    0.071ns
    Total Input Jitter      (TIJ):    0.000ns
    Discrete Jitter          (DJ):    0.000ns
    Phase Error              (PE):    0.000ns

    Location             Delay type                Incr(ns)  Path(ns)    Netlist Resource(s)
  -------------------------------------------------------------------    -------------------
                         (clock sys_clk_pin rise edge)
                                                      0.000     0.000 r  
    E3                                                0.000     0.000 r  CLK (IN)
                         net (fo=0)                   0.000     0.000    CLK
    E3                   IBUF (Prop_ibuf_I_O)         1.482     1.482 r  CLK_IBUF_inst/O
                         net (fo=1, routed)           2.025     3.506    CLK_IBUF
    BUFGCTRL_X0Y16       BUFG (Prop_bufg_I_O)         0.096     3.602 r  CLK_IBUF_BUFG_inst/O
                         net (fo=272, routed)         1.710     5.312    CLK_DIV/cntr/CLK
    SLICE_X2Y100         FDCE                                         r  CLK_DIV/cntr/out_reg[14]/C
  -------------------------------------------------------------------    -------------------
    SLICE_X2Y100         FDCE (Prop_fdce_C_Q)         0.478     5.790 r  CLK_DIV/cntr/out_reg[14]/Q
                         net (fo=2, routed)           0.622     6.412    CLK_DIV/cntr/out[14]
    SLICE_X0Y100         CARRY4 (Prop_carry4_S[1]_CO[3])
                                                      0.846     7.258 r  CLK_DIV/cntr/out1_carry__2/CO[3]
                         net (fo=1, routed)           0.000     7.258    CLK_DIV/cntr/out1_carry__2_n_0
    SLICE_X0Y101         CARRY4 (Prop_carry4_CI_CO[0])
                                                      0.271     7.529 r  CLK_DIV/cntr/out0_carry_i_1/CO[0]
                         net (fo=8, routed)           0.527     8.056    CLK_DIV/cntr/out1[17]
    SLICE_X2Y99          CARRY4 (Prop_carry4_S[1]_CO[2])
                                                      0.947     9.003 r  CLK_DIV/cntr/out0_carry/CO[2]
                         net (fo=1, routed)           0.401     9.403    CLK_DIV/cntr/out0_carry_n_1
    SLICE_X1Y98          LUT2 (Prop_lut2_I1_O)        0.310     9.713 r  CLK_DIV/cntr/out0__7_carry__0_i_2/O
                         net (fo=1, routed)           0.000     9.713    CLK_DIV/cntr/out0__7_carry__0_i_2_n_0
    SLICE_X1Y98          CARRY4 (Prop_carry4_S[2]_CO[3])
                                                      0.398    10.111 r  CLK_DIV/cntr/out0__7_carry__0/CO[3]
                         net (fo=1, routed)           0.000    10.111    CLK_DIV/cntr/out0__7_carry__0_n_0
    SLICE_X1Y99          CARRY4 (Prop_carry4_CI_O[1])
                                                      0.334    10.445 r  CLK_DIV/cntr/out0__7_carry__1/O[1]
                         net (fo=2, routed)           0.492    10.937    CLK_DIV/cntr/out0__7_carry__1_n_6
    SLICE_X3Y100         CARRY4 (Prop_carry4_S[0]_CO[3])
                                                      0.835    11.772 r  CLK_DIV/cntr/out0__49_carry__0/CO[3]
                         net (fo=1, routed)           0.000    11.772    CLK_DIV/cntr/out0__49_carry__0_n_0
    SLICE_X3Y101         CARRY4 (Prop_carry4_CI_CO[3])
                                                      0.114    11.886 r  CLK_DIV/cntr/out0__49_carry__1/CO[3]
                         net (fo=1, routed)           0.000    11.886    CLK_DIV/cntr/out0__49_carry__1_n_0
    SLICE_X3Y102         CARRY4 (Prop_carry4_CI_CO[0])
                                                      0.271    12.157 r  CLK_DIV/cntr/out0__49_carry__2/CO[0]
                         net (fo=12, routed)          0.823    12.980    CLK_DIV/cntr/out0__49_carry__2_n_3
    SLICE_X4Y98          LUT3 (Prop_lut3_I1_O)        0.399    13.379 r  CLK_DIV/cntr/out[8]_i_1/O
                         net (fo=1, routed)           0.000    13.379    CLK_DIV/cntr/out00_in[8]
    SLICE_X4Y98          FDCE                                         r  CLK_DIV/cntr/out_reg[8]/D
  -------------------------------------------------------------------    -------------------

                         (clock sys_clk_pin rise edge)
                                                     10.000    10.000 r  
    E3                                                0.000    10.000 r  CLK (IN)
                         net (fo=0)                   0.000    10.000    CLK
    E3                   IBUF (Prop_ibuf_I_O)         1.411    11.411 r  CLK_IBUF_inst/O
                         net (fo=1, routed)           1.920    13.331    CLK_IBUF
    BUFGCTRL_X0Y16       BUFG (Prop_bufg_I_O)         0.091    13.422 r  CLK_IBUF_BUFG_inst/O
                         net (fo=272, routed)         1.604    15.027    CLK_DIV/cntr/CLK
    SLICE_X4Y98          FDCE                                         r  CLK_DIV/cntr/out_reg[8]/C
                         clock pessimism              0.180    15.207    
                         clock uncertainty           -0.035    15.171    
    SLICE_X4Y98          FDCE (Setup_fdce_C_D)        0.075    15.246    CLK_DIV/cntr/out_reg[8]
  -------------------------------------------------------------------
                         required time                         15.246    
                         arrival time                         -13.379    
  -------------------------------------------------------------------
                         slack                                  1.868    

Slack (MET) :             1.877ns  (required time - arrival time)
  Source:                 CLK_DIV/cntr/out_reg[6]/C
                            (rising edge-triggered cell FDCE clocked by sys_clk_pin  {rise@0.000ns fall@5.000ns period=10.000ns})
  Destination:            CLK_DIV/cntr/out_reg[11]/D
                            (rising edge-triggered cell FDCE clocked by sys_clk_pin  {rise@0.000ns fall@5.000ns period=10.000ns})
  Path Group:             sys_clk_pin
  Path Type:              Setup (Max at Slow Process Corner)
  Requirement:            10.000ns  (sys_clk_pin rise@10.000ns - sys_clk_pin rise@0.000ns)
  Data Path Delay:        8.033ns  (logic 5.349ns (66.588%)  route 2.684ns (33.412%))
  Logic Levels:           12  (CARRY4=10 LUT2=1 LUT3=1)
  Clock Path Skew:        -0.136ns (DCD - SCD + CPR)
    Destination Clock Delay (DCD):    5.012ns = ( 15.012 - 10.000 ) 
    Source Clock Delay      (SCD):    5.328ns
    Clock Pessimism Removal (CPR):    0.180ns
  Clock Uncertainty:      0.035ns  ((TSJ^2 + TIJ^2)^1/2 + DJ) / 2 + PE
    Total System Jitter     (TSJ):    0.071ns
    Total Input Jitter      (TIJ):    0.000ns
    Discrete Jitter          (DJ):    0.000ns
    Phase Error              (PE):    0.000ns

    Location             Delay type                Incr(ns)  Path(ns)    Netlist Resource(s)
  -------------------------------------------------------------------    -------------------
                         (clock sys_clk_pin rise edge)
                                                      0.000     0.000 r  
    E3                                                0.000     0.000 r  CLK (IN)
                         net (fo=0)                   0.000     0.000    CLK
    E3                   IBUF (Prop_ibuf_I_O)         1.482     1.482 r  CLK_IBUF_inst/O
                         net (fo=1, routed)           2.025     3.506    CLK_IBUF
    BUFGCTRL_X0Y16       BUFG (Prop_bufg_I_O)         0.096     3.602 r  CLK_IBUF_BUFG_inst/O
                         net (fo=272, routed)         1.725     5.328    CLK_DIV/cntr/CLK
    SLICE_X4Y98          FDCE                                         r  CLK_DIV/cntr/out_reg[6]/C
  -------------------------------------------------------------------    -------------------
    SLICE_X4Y98          FDCE (Prop_fdce_C_Q)         0.419     5.747 r  CLK_DIV/cntr/out_reg[6]/Q
                         net (fo=2, routed)           0.486     6.233    CLK_DIV/cntr/out[6]
    SLICE_X0Y98          CARRY4 (Prop_carry4_S[1]_CO[3])
                                                      0.849     7.082 r  CLK_DIV/cntr/out1_carry__0/CO[3]
                         net (fo=1, routed)           0.000     7.082    CLK_DIV/cntr/out1_carry__0_n_0
    SLICE_X0Y99          CARRY4 (Prop_carry4_CI_CO[3])
                                                      0.114     7.196 r  CLK_DIV/cntr/out1_carry__1/CO[3]
                         net (fo=1, routed)           0.001     7.197    CLK_DIV/cntr/out1_carry__1_n_0
    SLICE_X0Y100         CARRY4 (Prop_carry4_CI_CO[3])
                                                      0.114     7.311 r  CLK_DIV/cntr/out1_carry__2/CO[3]
                         net (fo=1, routed)           0.000     7.311    CLK_DIV/cntr/out1_carry__2_n_0
    SLICE_X0Y101         CARRY4 (Prop_carry4_CI_CO[0])
                                                      0.271     7.582 r  CLK_DIV/cntr/out0_carry_i_1/CO[0]
                         net (fo=8, routed)           0.527     8.108    CLK_DIV/cntr/out1[17]
    SLICE_X2Y99          CARRY4 (Prop_carry4_S[1]_CO[2])
                                                      0.947     9.055 r  CLK_DIV/cntr/out0_carry/CO[2]
                         net (fo=1, routed)           0.401     9.456    CLK_DIV/cntr/out0_carry_n_1
    SLICE_X1Y98          LUT2 (Prop_lut2_I1_O)        0.310     9.766 r  CLK_DIV/cntr/out0__7_carry__0_i_2/O
                         net (fo=1, routed)           0.000     9.766    CLK_DIV/cntr/out0__7_carry__0_i_2_n_0
    SLICE_X1Y98          CARRY4 (Prop_carry4_S[2]_CO[3])
                                                      0.398    10.164 r  CLK_DIV/cntr/out0__7_carry__0/CO[3]
                         net (fo=1, routed)           0.000    10.164    CLK_DIV/cntr/out0__7_carry__0_n_0
    SLICE_X1Y99          CARRY4 (Prop_carry4_CI_O[1])
                                                      0.334    10.498 r  CLK_DIV/cntr/out0__7_carry__1/O[1]
                         net (fo=2, routed)           0.492    10.989    CLK_DIV/cntr/out0__7_carry__1_n_6
    SLICE_X3Y100         CARRY4 (Prop_carry4_S[0]_CO[3])
                                                      0.835    11.824 r  CLK_DIV/cntr/out0__49_carry__0/CO[3]
                         net (fo=1, routed)           0.000    11.824    CLK_DIV/cntr/out0__49_carry__0_n_0
    SLICE_X3Y101         CARRY4 (Prop_carry4_CI_CO[3])
                                                      0.114    11.938 r  CLK_DIV/cntr/out0__49_carry__1/CO[3]
                         net (fo=1, routed)           0.000    11.938    CLK_DIV/cntr/out0__49_carry__1_n_0
    SLICE_X3Y102         CARRY4 (Prop_carry4_CI_CO[0])
                                                      0.271    12.209 r  CLK_DIV/cntr/out0__49_carry__2/CO[0]
                         net (fo=12, routed)          0.778    12.988    CLK_DIV/cntr/out0__49_carry__2_n_3
    SLICE_X2Y100         LUT3 (Prop_lut3_I1_O)        0.373    13.361 r  CLK_DIV/cntr/out[11]_i_1/O
                         net (fo=1, routed)           0.000    13.361    CLK_DIV/cntr/out00_in[11]
    SLICE_X2Y100         FDCE                                         r  CLK_DIV/cntr/out_reg[11]/D
  -------------------------------------------------------------------    -------------------

                         (clock sys_clk_pin rise edge)
                                                     10.000    10.000 r  
    E3                                                0.000    10.000 r  CLK (IN)
                         net (fo=0)                   0.000    10.000    CLK
    E3                   IBUF (Prop_ibuf_I_O)         1.411    11.411 r  CLK_IBUF_inst/O
                         net (fo=1, routed)           1.920    13.331    CLK_IBUF
    BUFGCTRL_X0Y16       BUFG (Prop_bufg_I_O)         0.091    13.422 r  CLK_IBUF_BUFG_inst/O
                         net (fo=272, routed)         1.590    15.012    CLK_DIV/cntr/CLK
    SLICE_X2Y100         FDCE                                         r  CLK_DIV/cntr/out_reg[11]/C
                         clock pessimism              0.180    15.192    
                         clock uncertainty           -0.035    15.157    
    SLICE_X2Y100         FDCE (Setup_fdce_C_D)        0.081    15.238    CLK_DIV/cntr/out_reg[11]
  -------------------------------------------------------------------
                         required time                         15.238    
                         arrival time                         -13.361    
  -------------------------------------------------------------------
                         slack                                  1.877    

Slack (MET) :             1.921ns  (required time - arrival time)
  Source:                 CLK_DIV/cntr/out_reg[6]/C
                            (rising edge-triggered cell FDCE clocked by sys_clk_pin  {rise@0.000ns fall@5.000ns period=10.000ns})
  Destination:            CLK_DIV/cntr/out_reg[12]/D
                            (rising edge-triggered cell FDCE clocked by sys_clk_pin  {rise@0.000ns fall@5.000ns period=10.000ns})
  Path Group:             sys_clk_pin
  Path Type:              Setup (Max at Slow Process Corner)
  Requirement:            10.000ns  (sys_clk_pin rise@10.000ns - sys_clk_pin rise@0.000ns)
  Data Path Delay:        8.026ns  (logic 5.342ns (66.558%)  route 2.684ns (33.442%))
  Logic Levels:           12  (CARRY4=10 LUT2=1 LUT3=1)
  Clock Path Skew:        -0.136ns (DCD - SCD + CPR)
    Destination Clock Delay (DCD):    5.012ns = ( 15.012 - 10.000 ) 
    Source Clock Delay      (SCD):    5.328ns
    Clock Pessimism Removal (CPR):    0.180ns
  Clock Uncertainty:      0.035ns  ((TSJ^2 + TIJ^2)^1/2 + DJ) / 2 + PE
    Total System Jitter     (TSJ):    0.071ns
    Total Input Jitter      (TIJ):    0.000ns
    Discrete Jitter          (DJ):    0.000ns
    Phase Error              (PE):    0.000ns

    Location             Delay type                Incr(ns)  Path(ns)    Netlist Resource(s)
  -------------------------------------------------------------------    -------------------
                         (clock sys_clk_pin rise edge)
                                                      0.000     0.000 r  
    E3                                                0.000     0.000 r  CLK (IN)
                         net (fo=0)                   0.000     0.000    CLK
    E3                   IBUF (Prop_ibuf_I_O)         1.482     1.482 r  CLK_IBUF_inst/O
                         net (fo=1, routed)           2.025     3.506    CLK_IBUF
    BUFGCTRL_X0Y16       BUFG (Prop_bufg_I_O)         0.096     3.602 r  CLK_IBUF_BUFG_inst/O
                         net (fo=272, routed)         1.725     5.328    CLK_DIV/cntr/CLK
    SLICE_X4Y98          FDCE                                         r  CLK_DIV/cntr/out_reg[6]/C
  -------------------------------------------------------------------    -------------------
    SLICE_X4Y98          FDCE (Prop_fdce_C_Q)         0.419     5.747 r  CLK_DIV/cntr/out_reg[6]/Q
                         net (fo=2, routed)           0.486     6.233    CLK_DIV/cntr/out[6]
    SLICE_X0Y98          CARRY4 (Prop_carry4_S[1]_CO[3])
                                                      0.849     7.082 r  CLK_DIV/cntr/out1_carry__0/CO[3]
                         net (fo=1, routed)           0.000     7.082    CLK_DIV/cntr/out1_carry__0_n_0
    SLICE_X0Y99          CARRY4 (Prop_carry4_CI_CO[3])
                                                      0.114     7.196 r  CLK_DIV/cntr/out1_carry__1/CO[3]
                         net (fo=1, routed)           0.001     7.197    CLK_DIV/cntr/out1_carry__1_n_0
    SLICE_X0Y100         CARRY4 (Prop_carry4_CI_CO[3])
                                                      0.114     7.311 r  CLK_DIV/cntr/out1_carry__2/CO[3]
                         net (fo=1, routed)           0.000     7.311    CLK_DIV/cntr/out1_carry__2_n_0
    SLICE_X0Y101         CARRY4 (Prop_carry4_CI_CO[0])
                                                      0.271     7.582 r  CLK_DIV/cntr/out0_carry_i_1/CO[0]
                         net (fo=8, routed)           0.527     8.108    CLK_DIV/cntr/out1[17]
    SLICE_X2Y99          CARRY4 (Prop_carry4_S[1]_CO[2])
                                                      0.947     9.055 r  CLK_DIV/cntr/out0_carry/CO[2]
                         net (fo=1, routed)           0.401     9.456    CLK_DIV/cntr/out0_carry_n_1
    SLICE_X1Y98          LUT2 (Prop_lut2_I1_O)        0.310     9.766 r  CLK_DIV/cntr/out0__7_carry__0_i_2/O
                         net (fo=1, routed)           0.000     9.766    CLK_DIV/cntr/out0__7_carry__0_i_2_n_0
    SLICE_X1Y98          CARRY4 (Prop_carry4_S[2]_CO[3])
                                                      0.398    10.164 r  CLK_DIV/cntr/out0__7_carry__0/CO[3]
                         net (fo=1, routed)           0.000    10.164    CLK_DIV/cntr/out0__7_carry__0_n_0
    SLICE_X1Y99          CARRY4 (Prop_carry4_CI_O[1])
                                                      0.334    10.498 r  CLK_DIV/cntr/out0__7_carry__1/O[1]
                         net (fo=2, routed)           0.492    10.989    CLK_DIV/cntr/out0__7_carry__1_n_6
    SLICE_X3Y100         CARRY4 (Prop_carry4_S[0]_CO[3])
                                                      0.835    11.824 r  CLK_DIV/cntr/out0__49_carry__0/CO[3]
                         net (fo=1, routed)           0.000    11.824    CLK_DIV/cntr/out0__49_carry__0_n_0
    SLICE_X3Y101         CARRY4 (Prop_carry4_CI_CO[3])
                                                      0.114    11.938 r  CLK_DIV/cntr/out0__49_carry__1/CO[3]
                         net (fo=1, routed)           0.000    11.938    CLK_DIV/cntr/out0__49_carry__1_n_0
    SLICE_X3Y102         CARRY4 (Prop_carry4_CI_CO[0])
                                                      0.271    12.209 r  CLK_DIV/cntr/out0__49_carry__2/CO[0]
                         net (fo=12, routed)          0.778    12.988    CLK_DIV/cntr/out0__49_carry__2_n_3
    SLICE_X2Y100         LUT3 (Prop_lut3_I1_O)        0.366    13.354 r  CLK_DIV/cntr/out[12]_i_1/O
                         net (fo=1, routed)           0.000    13.354    CLK_DIV/cntr/out00_in[12]
    SLICE_X2Y100         FDCE                                         r  CLK_DIV/cntr/out_reg[12]/D
  -------------------------------------------------------------------    -------------------

                         (clock sys_clk_pin rise edge)
                                                     10.000    10.000 r  
    E3                                                0.000    10.000 r  CLK (IN)
                         net (fo=0)                   0.000    10.000    CLK
    E3                   IBUF (Prop_ibuf_I_O)         1.411    11.411 r  CLK_IBUF_inst/O
                         net (fo=1, routed)           1.920    13.331    CLK_IBUF
    BUFGCTRL_X0Y16       BUFG (Prop_bufg_I_O)         0.091    13.422 r  CLK_IBUF_BUFG_inst/O
                         net (fo=272, routed)         1.590    15.012    CLK_DIV/cntr/CLK
    SLICE_X2Y100         FDCE                                         r  CLK_DIV/cntr/out_reg[12]/C
                         clock pessimism              0.180    15.192    
                         clock uncertainty           -0.035    15.157    
    SLICE_X2Y100         FDCE (Setup_fdce_C_D)        0.118    15.275    CLK_DIV/cntr/out_reg[12]
  -------------------------------------------------------------------
                         required time                         15.275    
                         arrival time                         -13.354    
  -------------------------------------------------------------------
                         slack                                  1.921    

Slack (MET) :             2.017ns  (required time - arrival time)
  Source:                 CLK_DIV/cntr/out_reg[6]/C
                            (rising edge-triggered cell FDCE clocked by sys_clk_pin  {rise@0.000ns fall@5.000ns period=10.000ns})
  Destination:            CLK_DIV/cntr/out_reg[13]/D
                            (rising edge-triggered cell FDCE clocked by sys_clk_pin  {rise@0.000ns fall@5.000ns period=10.000ns})
  Path Group:             sys_clk_pin
  Path Type:              Setup (Max at Slow Process Corner)
  Requirement:            10.000ns  (sys_clk_pin rise@10.000ns - sys_clk_pin rise@0.000ns)
  Data Path Delay:        7.891ns  (logic 5.349ns (67.790%)  route 2.542ns (32.210%))
  Logic Levels:           12  (CARRY4=10 LUT2=1 LUT3=1)
  Clock Path Skew:        -0.136ns (DCD - SCD + CPR)
    Destination Clock Delay (DCD):    5.012ns = ( 15.012 - 10.000 ) 
    Source Clock Delay      (SCD):    5.328ns
    Clock Pessimism Removal (CPR):    0.180ns
  Clock Uncertainty:      0.035ns  ((TSJ^2 + TIJ^2)^1/2 + DJ) / 2 + PE
    Total System Jitter     (TSJ):    0.071ns
    Total Input Jitter      (TIJ):    0.000ns
    Discrete Jitter          (DJ):    0.000ns
    Phase Error              (PE):    0.000ns

    Location             Delay type                Incr(ns)  Path(ns)    Netlist Resource(s)
  -------------------------------------------------------------------    -------------------
                         (clock sys_clk_pin rise edge)
                                                      0.000     0.000 r  
    E3                                                0.000     0.000 r  CLK (IN)
                         net (fo=0)                   0.000     0.000    CLK
    E3                   IBUF (Prop_ibuf_I_O)         1.482     1.482 r  CLK_IBUF_inst/O
                         net (fo=1, routed)           2.025     3.506    CLK_IBUF
    BUFGCTRL_X0Y16       BUFG (Prop_bufg_I_O)         0.096     3.602 r  CLK_IBUF_BUFG_inst/O
                         net (fo=272, routed)         1.725     5.328    CLK_DIV/cntr/CLK
    SLICE_X4Y98          FDCE                                         r  CLK_DIV/cntr/out_reg[6]/C
  -------------------------------------------------------------------    -------------------
    SLICE_X4Y98          FDCE (Prop_fdce_C_Q)         0.419     5.747 r  CLK_DIV/cntr/out_reg[6]/Q
                         net (fo=2, routed)           0.486     6.233    CLK_DIV/cntr/out[6]
    SLICE_X0Y98          CARRY4 (Prop_carry4_S[1]_CO[3])
                                                      0.849     7.082 r  CLK_DIV/cntr/out1_carry__0/CO[3]
                         net (fo=1, routed)           0.000     7.082    CLK_DIV/cntr/out1_carry__0_n_0
    SLICE_X0Y99          CARRY4 (Prop_carry4_CI_CO[3])
                                                      0.114     7.196 r  CLK_DIV/cntr/out1_carry__1/CO[3]
                         net (fo=1, routed)           0.001     7.197    CLK_DIV/cntr/out1_carry__1_n_0
    SLICE_X0Y100         CARRY4 (Prop_carry4_CI_CO[3])
                                                      0.114     7.311 r  CLK_DIV/cntr/out1_carry__2/CO[3]
                         net (fo=1, routed)           0.000     7.311    CLK_DIV/cntr/out1_carry__2_n_0
    SLICE_X0Y101         CARRY4 (Prop_carry4_CI_CO[0])
                                                      0.271     7.582 r  CLK_DIV/cntr/out0_carry_i_1/CO[0]
                         net (fo=8, routed)           0.527     8.108    CLK_DIV/cntr/out1[17]
    SLICE_X2Y99          CARRY4 (Prop_carry4_S[1]_CO[2])
                                                      0.947     9.055 r  CLK_DIV/cntr/out0_carry/CO[2]
                         net (fo=1, routed)           0.401     9.456    CLK_DIV/cntr/out0_carry_n_1
    SLICE_X1Y98          LUT2 (Prop_lut2_I1_O)        0.310     9.766 r  CLK_DIV/cntr/out0__7_carry__0_i_2/O
                         net (fo=1, routed)           0.000     9.766    CLK_DIV/cntr/out0__7_carry__0_i_2_n_0
    SLICE_X1Y98          CARRY4 (Prop_carry4_S[2]_CO[3])
                                                      0.398    10.164 r  CLK_DIV/cntr/out0__7_carry__0/CO[3]
                         net (fo=1, routed)           0.000    10.164    CLK_DIV/cntr/out0__7_carry__0_n_0
    SLICE_X1Y99          CARRY4 (Prop_carry4_CI_O[1])
                                                      0.334    10.498 r  CLK_DIV/cntr/out0__7_carry__1/O[1]
                         net (fo=2, routed)           0.492    10.989    CLK_DIV/cntr/out0__7_carry__1_n_6
    SLICE_X3Y100         CARRY4 (Prop_carry4_S[0]_CO[3])
                                                      0.835    11.824 r  CLK_DIV/cntr/out0__49_carry__0/CO[3]
                         net (fo=1, routed)           0.000    11.824    CLK_DIV/cntr/out0__49_carry__0_n_0
    SLICE_X3Y101         CARRY4 (Prop_carry4_CI_CO[3])
                                                      0.114    11.938 r  CLK_DIV/cntr/out0__49_carry__1/CO[3]
                         net (fo=1, routed)           0.000    11.938    CLK_DIV/cntr/out0__49_carry__1_n_0
    SLICE_X3Y102         CARRY4 (Prop_carry4_CI_CO[0])
                                                      0.271    12.209 r  CLK_DIV/cntr/out0__49_carry__2/CO[0]
                         net (fo=12, routed)          0.636    12.845    CLK_DIV/cntr/out0__49_carry__2_n_3
    SLICE_X2Y100         LUT3 (Prop_lut3_I1_O)        0.373    13.218 r  CLK_DIV/cntr/out[13]_i_1/O
                         net (fo=1, routed)           0.000    13.218    CLK_DIV/cntr/out00_in[13]
    SLICE_X2Y100         FDCE                                         r  CLK_DIV/cntr/out_reg[13]/D
  -------------------------------------------------------------------    -------------------

                         (clock sys_clk_pin rise edge)
                                                     10.000    10.000 r  
    E3                                                0.000    10.000 r  CLK (IN)
                         net (fo=0)                   0.000    10.000    CLK
    E3                   IBUF (Prop_ibuf_I_O)         1.411    11.411 r  CLK_IBUF_inst/O
                         net (fo=1, routed)           1.920    13.331    CLK_IBUF
    BUFGCTRL_X0Y16       BUFG (Prop_bufg_I_O)         0.091    13.422 r  CLK_IBUF_BUFG_inst/O
                         net (fo=272, routed)         1.590    15.012    CLK_DIV/cntr/CLK
    SLICE_X2Y100         FDCE                                         r  CLK_DIV/cntr/out_reg[13]/C
                         clock pessimism              0.180    15.192    
                         clock uncertainty           -0.035    15.157    
    SLICE_X2Y100         FDCE (Setup_fdce_C_D)        0.079    15.236    CLK_DIV/cntr/out_reg[13]
  -------------------------------------------------------------------
                         required time                         15.236    
                         arrival time                         -13.218    
  -------------------------------------------------------------------
                         slack                                  2.017    

Slack (MET) :             2.022ns  (required time - arrival time)
  Source:                 CLK_DIV/cntr/out_reg[6]/C
                            (rising edge-triggered cell FDCE clocked by sys_clk_pin  {rise@0.000ns fall@5.000ns period=10.000ns})
  Destination:            CLK_DIV/cntr/out_reg[15]/D
                            (rising edge-triggered cell FDCE clocked by sys_clk_pin  {rise@0.000ns fall@5.000ns period=10.000ns})
  Path Group:             sys_clk_pin
  Path Type:              Setup (Max at Slow Process Corner)
  Requirement:            10.000ns  (sys_clk_pin rise@10.000ns - sys_clk_pin rise@0.000ns)
  Data Path Delay:        7.884ns  (logic 5.349ns (67.850%)  route 2.535ns (32.150%))
  Logic Levels:           12  (CARRY4=10 LUT2=1 LUT3=1)
  Clock Path Skew:        -0.136ns (DCD - SCD + CPR)
    Destination Clock Delay (DCD):    5.012ns = ( 15.012 - 10.000 ) 
    Source Clock Delay      (SCD):    5.328ns
    Clock Pessimism Removal (CPR):    0.180ns
  Clock Uncertainty:      0.035ns  ((TSJ^2 + TIJ^2)^1/2 + DJ) / 2 + PE
    Total System Jitter     (TSJ):    0.071ns
    Total Input Jitter      (TIJ):    0.000ns
    Discrete Jitter          (DJ):    0.000ns
    Phase Error              (PE):    0.000ns

    Location             Delay type                Incr(ns)  Path(ns)    Netlist Resource(s)
  -------------------------------------------------------------------    -------------------
                         (clock sys_clk_pin rise edge)
                                                      0.000     0.000 r  
    E3                                                0.000     0.000 r  CLK (IN)
                         net (fo=0)                   0.000     0.000    CLK
    E3                   IBUF (Prop_ibuf_I_O)         1.482     1.482 r  CLK_IBUF_inst/O
                         net (fo=1, routed)           2.025     3.506    CLK_IBUF
    BUFGCTRL_X0Y16       BUFG (Prop_bufg_I_O)         0.096     3.602 r  CLK_IBUF_BUFG_inst/O
                         net (fo=272, routed)         1.725     5.328    CLK_DIV/cntr/CLK
    SLICE_X4Y98          FDCE                                         r  CLK_DIV/cntr/out_reg[6]/C
  -------------------------------------------------------------------    -------------------
    SLICE_X4Y98          FDCE (Prop_fdce_C_Q)         0.419     5.747 r  CLK_DIV/cntr/out_reg[6]/Q
                         net (fo=2, routed)           0.486     6.233    CLK_DIV/cntr/out[6]
    SLICE_X0Y98          CARRY4 (Prop_carry4_S[1]_CO[3])
                                                      0.849     7.082 r  CLK_DIV/cntr/out1_carry__0/CO[3]
                         net (fo=1, routed)           0.000     7.082    CLK_DIV/cntr/out1_carry__0_n_0
    SLICE_X0Y99          CARRY4 (Prop_carry4_CI_CO[3])
                                                      0.114     7.196 r  CLK_DIV/cntr/out1_carry__1/CO[3]
                         net (fo=1, routed)           0.001     7.197    CLK_DIV/cntr/out1_carry__1_n_0
    SLICE_X0Y100         CARRY4 (Prop_carry4_CI_CO[3])
                                                      0.114     7.311 r  CLK_DIV/cntr/out1_carry__2/CO[3]
                         net (fo=1, routed)           0.000     7.311    CLK_DIV/cntr/out1_carry__2_n_0
    SLICE_X0Y101         CARRY4 (Prop_carry4_CI_CO[0])
                                                      0.271     7.582 r  CLK_DIV/cntr/out0_carry_i_1/CO[0]
                         net (fo=8, routed)           0.527     8.108    CLK_DIV/cntr/out1[17]
    SLICE_X2Y99          CARRY4 (Prop_carry4_S[1]_CO[2])
                                                      0.947     9.055 r  CLK_DIV/cntr/out0_carry/CO[2]
                         net (fo=1, routed)           0.401     9.456    CLK_DIV/cntr/out0_carry_n_1
    SLICE_X1Y98          LUT2 (Prop_lut2_I1_O)        0.310     9.766 r  CLK_DIV/cntr/out0__7_carry__0_i_2/O
                         net (fo=1, routed)           0.000     9.766    CLK_DIV/cntr/out0__7_carry__0_i_2_n_0
    SLICE_X1Y98          CARRY4 (Prop_carry4_S[2]_CO[3])
                                                      0.398    10.164 r  CLK_DIV/cntr/out0__7_carry__0/CO[3]
                         net (fo=1, routed)           0.000    10.164    CLK_DIV/cntr/out0__7_carry__0_n_0
    SLICE_X1Y99          CARRY4 (Prop_carry4_CI_O[1])
                                                      0.334    10.498 r  CLK_DIV/cntr/out0__7_carry__1/O[1]
                         net (fo=2, routed)           0.492    10.989    CLK_DIV/cntr/out0__7_carry__1_n_6
    SLICE_X3Y100         CARRY4 (Prop_carry4_S[0]_CO[3])
                                                      0.835    11.824 r  CLK_DIV/cntr/out0__49_carry__0/CO[3]
                         net (fo=1, routed)           0.000    11.824    CLK_DIV/cntr/out0__49_carry__0_n_0
    SLICE_X3Y101         CARRY4 (Prop_carry4_CI_CO[3])
                                                      0.114    11.938 r  CLK_DIV/cntr/out0__49_carry__1/CO[3]
                         net (fo=1, routed)           0.000    11.938    CLK_DIV/cntr/out0__49_carry__1_n_0
    SLICE_X3Y102         CARRY4 (Prop_carry4_CI_CO[0])
                                                      0.271    12.209 r  CLK_DIV/cntr/out0__49_carry__2/CO[0]
                         net (fo=12, routed)          0.629    12.838    CLK_DIV/cntr/out0__49_carry__2_n_3
    SLICE_X2Y101         LUT3 (Prop_lut3_I1_O)        0.373    13.211 r  CLK_DIV/cntr/out[15]_i_1/O
                         net (fo=1, routed)           0.000    13.211    CLK_DIV/cntr/out00_in[15]
    SLICE_X2Y101         FDCE                                         r  CLK_DIV/cntr/out_reg[15]/D
  -------------------------------------------------------------------    -------------------

                         (clock sys_clk_pin rise edge)
                                                     10.000    10.000 r  
    E3                                                0.000    10.000 r  CLK (IN)
                         net (fo=0)                   0.000    10.000    CLK
    E3                   IBUF (Prop_ibuf_I_O)         1.411    11.411 r  CLK_IBUF_inst/O
                         net (fo=1, routed)           1.920    13.331    CLK_IBUF
    BUFGCTRL_X0Y16       BUFG (Prop_bufg_I_O)         0.091    13.422 r  CLK_IBUF_BUFG_inst/O
                         net (fo=272, routed)         1.590    15.012    CLK_DIV/cntr/CLK
    SLICE_X2Y101         FDCE                                         r  CLK_DIV/cntr/out_reg[15]/C
                         clock pessimism              0.180    15.192    
                         clock uncertainty           -0.035    15.157    
    SLICE_X2Y101         FDCE (Setup_fdce_C_D)        0.077    15.234    CLK_DIV/cntr/out_reg[15]
  -------------------------------------------------------------------
                         required time                         15.234    
                         arrival time                         -13.211    
  -------------------------------------------------------------------
                         slack                                  2.022    

Slack (MET) :             2.029ns  (required time - arrival time)
  Source:                 CLK_DIV/cntr/out_reg[6]/C
                            (rising edge-triggered cell FDCE clocked by sys_clk_pin  {rise@0.000ns fall@5.000ns period=10.000ns})
  Destination:            CLK_DIV/cntr/out_reg[10]/D
                            (rising edge-triggered cell FDCE clocked by sys_clk_pin  {rise@0.000ns fall@5.000ns period=10.000ns})
  Path Group:             sys_clk_pin
  Path Type:              Setup (Max at Slow Process Corner)
  Requirement:            10.000ns  (sys_clk_pin rise@10.000ns - sys_clk_pin rise@0.000ns)
  Data Path Delay:        7.877ns  (logic 5.349ns (67.905%)  route 2.528ns (32.095%))
  Logic Levels:           12  (CARRY4=10 LUT2=1 LUT3=1)
  Clock Path Skew:        -0.136ns (DCD - SCD + CPR)
    Destination Clock Delay (DCD):    5.012ns = ( 15.012 - 10.000 ) 
    Source Clock Delay      (SCD):    5.328ns
    Clock Pessimism Removal (CPR):    0.180ns
  Clock Uncertainty:      0.035ns  ((TSJ^2 + TIJ^2)^1/2 + DJ) / 2 + PE
    Total System Jitter     (TSJ):    0.071ns
    Total Input Jitter      (TIJ):    0.000ns
    Discrete Jitter          (DJ):    0.000ns
    Phase Error              (PE):    0.000ns

    Location             Delay type                Incr(ns)  Path(ns)    Netlist Resource(s)
  -------------------------------------------------------------------    -------------------
                         (clock sys_clk_pin rise edge)
                                                      0.000     0.000 r  
    E3                                                0.000     0.000 r  CLK (IN)
                         net (fo=0)                   0.000     0.000    CLK
    E3                   IBUF (Prop_ibuf_I_O)         1.482     1.482 r  CLK_IBUF_inst/O
                         net (fo=1, routed)           2.025     3.506    CLK_IBUF
    BUFGCTRL_X0Y16       BUFG (Prop_bufg_I_O)         0.096     3.602 r  CLK_IBUF_BUFG_inst/O
                         net (fo=272, routed)         1.725     5.328    CLK_DIV/cntr/CLK
    SLICE_X4Y98          FDCE                                         r  CLK_DIV/cntr/out_reg[6]/C
  -------------------------------------------------------------------    -------------------
    SLICE_X4Y98          FDCE (Prop_fdce_C_Q)         0.419     5.747 r  CLK_DIV/cntr/out_reg[6]/Q
                         net (fo=2, routed)           0.486     6.233    CLK_DIV/cntr/out[6]
    SLICE_X0Y98          CARRY4 (Prop_carry4_S[1]_CO[3])
                                                      0.849     7.082 r  CLK_DIV/cntr/out1_carry__0/CO[3]
                         net (fo=1, routed)           0.000     7.082    CLK_DIV/cntr/out1_carry__0_n_0
    SLICE_X0Y99          CARRY4 (Prop_carry4_CI_CO[3])
                                                      0.114     7.196 r  CLK_DIV/cntr/out1_carry__1/CO[3]
                         net (fo=1, routed)           0.001     7.197    CLK_DIV/cntr/out1_carry__1_n_0
    SLICE_X0Y100         CARRY4 (Prop_carry4_CI_CO[3])
                                                      0.114     7.311 r  CLK_DIV/cntr/out1_carry__2/CO[3]
                         net (fo=1, routed)           0.000     7.311    CLK_DIV/cntr/out1_carry__2_n_0
    SLICE_X0Y101         CARRY4 (Prop_carry4_CI_CO[0])
                                                      0.271     7.582 r  CLK_DIV/cntr/out0_carry_i_1/CO[0]
                         net (fo=8, routed)           0.527     8.108    CLK_DIV/cntr/out1[17]
    SLICE_X2Y99          CARRY4 (Prop_carry4_S[1]_CO[2])
                                                      0.947     9.055 r  CLK_DIV/cntr/out0_carry/CO[2]
                         net (fo=1, routed)           0.401     9.456    CLK_DIV/cntr/out0_carry_n_1
    SLICE_X1Y98          LUT2 (Prop_lut2_I1_O)        0.310     9.766 r  CLK_DIV/cntr/out0__7_carry__0_i_2/O
                         net (fo=1, routed)           0.000     9.766    CLK_DIV/cntr/out0__7_carry__0_i_2_n_0
    SLICE_X1Y98          CARRY4 (Prop_carry4_S[2]_CO[3])
                                                      0.398    10.164 r  CLK_DIV/cntr/out0__7_carry__0/CO[3]
                         net (fo=1, routed)           0.000    10.164    CLK_DIV/cntr/out0__7_carry__0_n_0
    SLICE_X1Y99          CARRY4 (Prop_carry4_CI_O[1])
                                                      0.334    10.498 r  CLK_DIV/cntr/out0__7_carry__1/O[1]
                         net (fo=2, routed)           0.492    10.989    CLK_DIV/cntr/out0__7_carry__1_n_6
    SLICE_X3Y100         CARRY4 (Prop_carry4_S[0]_CO[3])
                                                      0.835    11.824 r  CLK_DIV/cntr/out0__49_carry__0/CO[3]
                         net (fo=1, routed)           0.000    11.824    CLK_DIV/cntr/out0__49_carry__0_n_0
    SLICE_X3Y101         CARRY4 (Prop_carry4_CI_CO[3])
                                                      0.114    11.938 r  CLK_DIV/cntr/out0__49_carry__1/CO[3]
                         net (fo=1, routed)           0.000    11.938    CLK_DIV/cntr/out0__49_carry__1_n_0
    SLICE_X3Y102         CARRY4 (Prop_carry4_CI_CO[0])
                                                      0.271    12.209 r  CLK_DIV/cntr/out0__49_carry__2/CO[0]
                         net (fo=12, routed)          0.622    12.832    CLK_DIV/cntr/out0__49_carry__2_n_3
    SLICE_X2Y100         LUT3 (Prop_lut3_I1_O)        0.373    13.205 r  CLK_DIV/cntr/out[10]_i_1/O
                         net (fo=1, routed)           0.000    13.205    CLK_DIV/cntr/out00_in[10]
    SLICE_X2Y100         FDCE                                         r  CLK_DIV/cntr/out_reg[10]/D
  -------------------------------------------------------------------    -------------------

                         (clock sys_clk_pin rise edge)
                                                     10.000    10.000 r  
    E3                                                0.000    10.000 r  CLK (IN)
                         net (fo=0)                   0.000    10.000    CLK
    E3                   IBUF (Prop_ibuf_I_O)         1.411    11.411 r  CLK_IBUF_inst/O
                         net (fo=1, routed)           1.920    13.331    CLK_IBUF
    BUFGCTRL_X0Y16       BUFG (Prop_bufg_I_O)         0.091    13.422 r  CLK_IBUF_BUFG_inst/O
                         net (fo=272, routed)         1.590    15.012    CLK_DIV/cntr/CLK
    SLICE_X2Y100         FDCE                                         r  CLK_DIV/cntr/out_reg[10]/C
                         clock pessimism              0.180    15.192    
                         clock uncertainty           -0.035    15.157    
    SLICE_X2Y100         FDCE (Setup_fdce_C_D)        0.077    15.234    CLK_DIV/cntr/out_reg[10]
  -------------------------------------------------------------------
                         required time                         15.234    
                         arrival time                         -13.205    
  -------------------------------------------------------------------
                         slack                                  2.029    

Slack (MET) :             2.063ns  (required time - arrival time)
  Source:                 CLK_DIV/cntr/out_reg[6]/C
                            (rising edge-triggered cell FDCE clocked by sys_clk_pin  {rise@0.000ns fall@5.000ns period=10.000ns})
  Destination:            CLK_DIV/cntr/out_reg[14]/D
                            (rising edge-triggered cell FDCE clocked by sys_clk_pin  {rise@0.000ns fall@5.000ns period=10.000ns})
  Path Group:             sys_clk_pin
  Path Type:              Setup (Max at Slow Process Corner)
  Requirement:            10.000ns  (sys_clk_pin rise@10.000ns - sys_clk_pin rise@0.000ns)
  Data Path Delay:        7.884ns  (logic 5.342ns (67.761%)  route 2.542ns (32.239%))
  Logic Levels:           12  (CARRY4=10 LUT2=1 LUT3=1)
  Clock Path Skew:        -0.136ns (DCD - SCD + CPR)
    Destination Clock Delay (DCD):    5.012ns = ( 15.012 - 10.000 ) 
    Source Clock Delay      (SCD):    5.328ns
    Clock Pessimism Removal (CPR):    0.180ns
  Clock Uncertainty:      0.035ns  ((TSJ^2 + TIJ^2)^1/2 + DJ) / 2 + PE
    Total System Jitter     (TSJ):    0.071ns
    Total Input Jitter      (TIJ):    0.000ns
    Discrete Jitter          (DJ):    0.000ns
    Phase Error              (PE):    0.000ns

    Location             Delay type                Incr(ns)  Path(ns)    Netlist Resource(s)
  -------------------------------------------------------------------    -------------------
                         (clock sys_clk_pin rise edge)
                                                      0.000     0.000 r  
    E3                                                0.000     0.000 r  CLK (IN)
                         net (fo=0)                   0.000     0.000    CLK
    E3                   IBUF (Prop_ibuf_I_O)         1.482     1.482 r  CLK_IBUF_inst/O
                         net (fo=1, routed)           2.025     3.506    CLK_IBUF
    BUFGCTRL_X0Y16       BUFG (Prop_bufg_I_O)         0.096     3.602 r  CLK_IBUF_BUFG_inst/O
                         net (fo=272, routed)         1.725     5.328    CLK_DIV/cntr/CLK
    SLICE_X4Y98          FDCE                                         r  CLK_DIV/cntr/out_reg[6]/C
  -------------------------------------------------------------------    -------------------
    SLICE_X4Y98          FDCE (Prop_fdce_C_Q)         0.419     5.747 r  CLK_DIV/cntr/out_reg[6]/Q
                         net (fo=2, routed)           0.486     6.233    CLK_DIV/cntr/out[6]
    SLICE_X0Y98          CARRY4 (Prop_carry4_S[1]_CO[3])
                                                      0.849     7.082 r  CLK_DIV/cntr/out1_carry__0/CO[3]
                         net (fo=1, routed)           0.000     7.082    CLK_DIV/cntr/out1_carry__0_n_0
    SLICE_X0Y99          CARRY4 (Prop_carry4_CI_CO[3])
                                                      0.114     7.196 r  CLK_DIV/cntr/out1_carry__1/CO[3]
                         net (fo=1, routed)           0.001     7.197    CLK_DIV/cntr/out1_carry__1_n_0
    SLICE_X0Y100         CARRY4 (Prop_carry4_CI_CO[3])
                                                      0.114     7.311 r  CLK_DIV/cntr/out1_carry__2/CO[3]
                         net (fo=1, routed)           0.000     7.311    CLK_DIV/cntr/out1_carry__2_n_0
    SLICE_X0Y101         CARRY4 (Prop_carry4_CI_CO[0])
                                                      0.271     7.582 r  CLK_DIV/cntr/out0_carry_i_1/CO[0]
                         net (fo=8, routed)           0.527     8.108    CLK_DIV/cntr/out1[17]
    SLICE_X2Y99          CARRY4 (Prop_carry4_S[1]_CO[2])
                                                      0.947     9.055 r  CLK_DIV/cntr/out0_carry/CO[2]
                         net (fo=1, routed)           0.401     9.456    CLK_DIV/cntr/out0_carry_n_1
    SLICE_X1Y98          LUT2 (Prop_lut2_I1_O)        0.310     9.766 r  CLK_DIV/cntr/out0__7_carry__0_i_2/O
                         net (fo=1, routed)           0.000     9.766    CLK_DIV/cntr/out0__7_carry__0_i_2_n_0
    SLICE_X1Y98          CARRY4 (Prop_carry4_S[2]_CO[3])
                                                      0.398    10.164 r  CLK_DIV/cntr/out0__7_carry__0/CO[3]
                         net (fo=1, routed)           0.000    10.164    CLK_DIV/cntr/out0__7_carry__0_n_0
    SLICE_X1Y99          CARRY4 (Prop_carry4_CI_O[1])
                                                      0.334    10.498 r  CLK_DIV/cntr/out0__7_carry__1/O[1]
                         net (fo=2, routed)           0.492    10.989    CLK_DIV/cntr/out0__7_carry__1_n_6
    SLICE_X3Y100         CARRY4 (Prop_carry4_S[0]_CO[3])
                                                      0.835    11.824 r  CLK_DIV/cntr/out0__49_carry__0/CO[3]
                         net (fo=1, routed)           0.000    11.824    CLK_DIV/cntr/out0__49_carry__0_n_0
    SLICE_X3Y101         CARRY4 (Prop_carry4_CI_CO[3])
                                                      0.114    11.938 r  CLK_DIV/cntr/out0__49_carry__1/CO[3]
                         net (fo=1, routed)           0.000    11.938    CLK_DIV/cntr/out0__49_carry__1_n_0
    SLICE_X3Y102         CARRY4 (Prop_carry4_CI_CO[0])
                                                      0.271    12.209 r  CLK_DIV/cntr/out0__49_carry__2/CO[0]
                         net (fo=12, routed)          0.636    12.845    CLK_DIV/cntr/out0__49_carry__2_n_3
    SLICE_X2Y100         LUT3 (Prop_lut3_I1_O)        0.366    13.211 r  CLK_DIV/cntr/out[14]_i_1/O
                         net (fo=1, routed)           0.000    13.211    CLK_DIV/cntr/out00_in[14]
    SLICE_X2Y100         FDCE                                         r  CLK_DIV/cntr/out_reg[14]/D
  -------------------------------------------------------------------    -------------------

                         (clock sys_clk_pin rise edge)
                                                     10.000    10.000 r  
    E3                                                0.000    10.000 r  CLK (IN)
                         net (fo=0)                   0.000    10.000    CLK
    E3                   IBUF (Prop_ibuf_I_O)         1.411    11.411 r  CLK_IBUF_inst/O
                         net (fo=1, routed)           1.920    13.331    CLK_IBUF
    BUFGCTRL_X0Y16       BUFG (Prop_bufg_I_O)         0.091    13.422 r  CLK_IBUF_BUFG_inst/O
                         net (fo=272, routed)         1.590    15.012    CLK_DIV/cntr/CLK
    SLICE_X2Y100         FDCE                                         r  CLK_DIV/cntr/out_reg[14]/C
                         clock pessimism              0.180    15.192    
                         clock uncertainty           -0.035    15.157    
    SLICE_X2Y100         FDCE (Setup_fdce_C_D)        0.118    15.275    CLK_DIV/cntr/out_reg[14]
  -------------------------------------------------------------------
                         required time                         15.275    
                         arrival time                         -13.211    
  -------------------------------------------------------------------
                         slack                                  2.063    





Min Delay Paths
--------------------------------------------------------------------------------------
Slack (MET) :             0.046ns  (arrival time - required time)
  Source:                 FSM/DATA_REG_reg[26]/C
                            (rising edge-triggered cell FDCE clocked by sys_clk_pin  {rise@0.000ns fall@5.000ns period=10.000ns})
  Destination:            FSM/RES_REG_reg[32]/D
                            (rising edge-triggered cell FDCE clocked by sys_clk_pin  {rise@0.000ns fall@5.000ns period=10.000ns})
  Path Group:             sys_clk_pin
  Path Type:              Hold (Min at Fast Process Corner)
  Requirement:            0.000ns  (sys_clk_pin rise@0.000ns - sys_clk_pin rise@0.000ns)
  Data Path Delay:        0.445ns  (logic 0.390ns (87.680%)  route 0.055ns (12.320%))
  Logic Levels:           4  (CARRY4=3 LUT2=1)
  Clock Path Skew:        0.265ns (DCD - SCD - CPR)
    Destination Clock Delay (DCD):    2.034ns
    Source Clock Delay      (SCD):    1.523ns
    Clock Pessimism Removal (CPR):    0.245ns

    Location             Delay type                Incr(ns)  Path(ns)    Netlist Resource(s)
  -------------------------------------------------------------------    -------------------
                         (clock sys_clk_pin rise edge)
                                                      0.000     0.000 r  
    E3                                                0.000     0.000 r  CLK (IN)
                         net (fo=0)                   0.000     0.000    CLK
    E3                   IBUF (Prop_ibuf_I_O)         0.250     0.250 r  CLK_IBUF_inst/O
                         net (fo=1, routed)           0.644     0.894    CLK_IBUF
    BUFGCTRL_X0Y16       BUFG (Prop_bufg_I_O)         0.026     0.920 r  CLK_IBUF_BUFG_inst/O
                         net (fo=272, routed)         0.604     1.523    FSM/CLK
    SLICE_X7Y98          FDCE                                         r  FSM/DATA_REG_reg[26]/C
  -------------------------------------------------------------------    -------------------
    SLICE_X7Y98          FDCE (Prop_fdce_C_Q)         0.141     1.664 r  FSM/DATA_REG_reg[26]/Q
                         net (fo=1, routed)           0.054     1.718    FSM/DATA_REG_reg_n_0_[26]
    SLICE_X6Y98          LUT2 (Prop_lut2_I1_O)        0.045     1.763 r  FSM/RES_REG[27]_i_3/O
                         net (fo=1, routed)           0.000     1.763    FSM/RES_REG[27]_i_3_n_0
    SLICE_X6Y98          CARRY4 (Prop_carry4_S[2]_CO[3])
                                                      0.111     1.874 r  FSM/RES_REG_reg[27]_i_1/CO[3]
                         net (fo=1, routed)           0.000     1.874    FSM/RES_REG_reg[27]_i_1_n_0
    SLICE_X6Y99          CARRY4 (Prop_carry4_CI_CO[3])
                                                      0.040     1.914 r  FSM/RES_REG_reg[31]_i_1/CO[3]
                         net (fo=1, routed)           0.001     1.915    FSM/RES_REG_reg[31]_i_1_n_0
    SLICE_X6Y100         CARRY4 (Prop_carry4_CI_O[0])
                                                      0.053     1.968 r  FSM/RES_REG_reg[35]_i_1/O[0]
                         net (fo=1, routed)           0.000     1.968    FSM/in22[32]
    SLICE_X6Y100         FDCE                                         r  FSM/RES_REG_reg[32]/D
  -------------------------------------------------------------------    -------------------

                         (clock sys_clk_pin rise edge)
                                                      0.000     0.000 r  
    E3                                                0.000     0.000 r  CLK (IN)
                         net (fo=0)                   0.000     0.000    CLK
    E3                   IBUF (Prop_ibuf_I_O)         0.438     0.438 r  CLK_IBUF_inst/O
                         net (fo=1, routed)           0.699     1.136    CLK_IBUF
    BUFGCTRL_X0Y16       BUFG (Prop_bufg_I_O)         0.029     1.165 r  CLK_IBUF_BUFG_inst/O
                         net (fo=272, routed)         0.868     2.034    FSM/CLK
    SLICE_X6Y100         FDCE                                         r  FSM/RES_REG_reg[32]/C
                         clock pessimism             -0.245     1.788    
    SLICE_X6Y100         FDCE (Hold_fdce_C_D)         0.134     1.922    FSM/RES_REG_reg[32]
  -------------------------------------------------------------------
                         required time                         -1.922    
                         arrival time                           1.968    
  -------------------------------------------------------------------
                         slack                                  0.046    

Slack (MET) :             0.059ns  (arrival time - required time)
  Source:                 FSM/DATA_REG_reg[26]/C
                            (rising edge-triggered cell FDCE clocked by sys_clk_pin  {rise@0.000ns fall@5.000ns period=10.000ns})
  Destination:            FSM/RES_REG_reg[34]/D
                            (rising edge-triggered cell FDCE clocked by sys_clk_pin  {rise@0.000ns fall@5.000ns period=10.000ns})
  Path Group:             sys_clk_pin
  Path Type:              Hold (Min at Fast Process Corner)
  Requirement:            0.000ns  (sys_clk_pin rise@0.000ns - sys_clk_pin rise@0.000ns)
  Data Path Delay:        0.458ns  (logic 0.403ns (88.030%)  route 0.055ns (11.970%))
  Logic Levels:           4  (CARRY4=3 LUT2=1)
  Clock Path Skew:        0.265ns (DCD - SCD - CPR)
    Destination Clock Delay (DCD):    2.034ns
    Source Clock Delay      (SCD):    1.523ns
    Clock Pessimism Removal (CPR):    0.245ns

    Location             Delay type                Incr(ns)  Path(ns)    Netlist Resource(s)
  -------------------------------------------------------------------    -------------------
                         (clock sys_clk_pin rise edge)
                                                      0.000     0.000 r  
    E3                                                0.000     0.000 r  CLK (IN)
                         net (fo=0)                   0.000     0.000    CLK
    E3                   IBUF (Prop_ibuf_I_O)         0.250     0.250 r  CLK_IBUF_inst/O
                         net (fo=1, routed)           0.644     0.894    CLK_IBUF
    BUFGCTRL_X0Y16       BUFG (Prop_bufg_I_O)         0.026     0.920 r  CLK_IBUF_BUFG_inst/O
                         net (fo=272, routed)         0.604     1.523    FSM/CLK
    SLICE_X7Y98          FDCE                                         r  FSM/DATA_REG_reg[26]/C
  -------------------------------------------------------------------    -------------------
    SLICE_X7Y98          FDCE (Prop_fdce_C_Q)         0.141     1.664 r  FSM/DATA_REG_reg[26]/Q
                         net (fo=1, routed)           0.054     1.718    FSM/DATA_REG_reg_n_0_[26]
    SLICE_X6Y98          LUT2 (Prop_lut2_I1_O)        0.045     1.763 r  FSM/RES_REG[27]_i_3/O
                         net (fo=1, routed)           0.000     1.763    FSM/RES_REG[27]_i_3_n_0
    SLICE_X6Y98          CARRY4 (Prop_carry4_S[2]_CO[3])
                                                      0.111     1.874 r  FSM/RES_REG_reg[27]_i_1/CO[3]
                         net (fo=1, routed)           0.000     1.874    FSM/RES_REG_reg[27]_i_1_n_0
    SLICE_X6Y99          CARRY4 (Prop_carry4_CI_CO[3])
                                                      0.040     1.914 r  FSM/RES_REG_reg[31]_i_1/CO[3]
                         net (fo=1, routed)           0.001     1.915    FSM/RES_REG_reg[31]_i_1_n_0
    SLICE_X6Y100         CARRY4 (Prop_carry4_CI_O[2])
                                                      0.066     1.981 r  FSM/RES_REG_reg[35]_i_1/O[2]
                         net (fo=1, routed)           0.000     1.981    FSM/in22[34]
    SLICE_X6Y100         FDCE                                         r  FSM/RES_REG_reg[34]/D
  -------------------------------------------------------------------    -------------------

                         (clock sys_clk_pin rise edge)
                                                      0.000     0.000 r  
    E3                                                0.000     0.000 r  CLK (IN)
                         net (fo=0)                   0.000     0.000    CLK
    E3                   IBUF (Prop_ibuf_I_O)         0.438     0.438 r  CLK_IBUF_inst/O
                         net (fo=1, routed)           0.699     1.136    CLK_IBUF
    BUFGCTRL_X0Y16       BUFG (Prop_bufg_I_O)         0.029     1.165 r  CLK_IBUF_BUFG_inst/O
                         net (fo=272, routed)         0.868     2.034    FSM/CLK
    SLICE_X6Y100         FDCE                                         r  FSM/RES_REG_reg[34]/C
                         clock pessimism             -0.245     1.788    
    SLICE_X6Y100         FDCE (Hold_fdce_C_D)         0.134     1.922    FSM/RES_REG_reg[34]
  -------------------------------------------------------------------
                         required time                         -1.922    
                         arrival time                           1.981    
  -------------------------------------------------------------------
                         slack                                  0.059    

Slack (MET) :             0.082ns  (arrival time - required time)
  Source:                 FSM/DATA_REG_reg[26]/C
                            (rising edge-triggered cell FDCE clocked by sys_clk_pin  {rise@0.000ns fall@5.000ns period=10.000ns})
  Destination:            FSM/RES_REG_reg[33]/D
                            (rising edge-triggered cell FDCE clocked by sys_clk_pin  {rise@0.000ns fall@5.000ns period=10.000ns})
  Path Group:             sys_clk_pin
  Path Type:              Hold (Min at Fast Process Corner)
  Requirement:            0.000ns  (sys_clk_pin rise@0.000ns - sys_clk_pin rise@0.000ns)
  Data Path Delay:        0.481ns  (logic 0.426ns (88.603%)  route 0.055ns (11.397%))
  Logic Levels:           4  (CARRY4=3 LUT2=1)
  Clock Path Skew:        0.265ns (DCD - SCD - CPR)
    Destination Clock Delay (DCD):    2.034ns
    Source Clock Delay      (SCD):    1.523ns
    Clock Pessimism Removal (CPR):    0.245ns

    Location             Delay type                Incr(ns)  Path(ns)    Netlist Resource(s)
  -------------------------------------------------------------------    -------------------
                         (clock sys_clk_pin rise edge)
                                                      0.000     0.000 r  
    E3                                                0.000     0.000 r  CLK (IN)
                         net (fo=0)                   0.000     0.000    CLK
    E3                   IBUF (Prop_ibuf_I_O)         0.250     0.250 r  CLK_IBUF_inst/O
                         net (fo=1, routed)           0.644     0.894    CLK_IBUF
    BUFGCTRL_X0Y16       BUFG (Prop_bufg_I_O)         0.026     0.920 r  CLK_IBUF_BUFG_inst/O
                         net (fo=272, routed)         0.604     1.523    FSM/CLK
    SLICE_X7Y98          FDCE                                         r  FSM/DATA_REG_reg[26]/C
  -------------------------------------------------------------------    -------------------
    SLICE_X7Y98          FDCE (Prop_fdce_C_Q)         0.141     1.664 r  FSM/DATA_REG_reg[26]/Q
                         net (fo=1, routed)           0.054     1.718    FSM/DATA_REG_reg_n_0_[26]
    SLICE_X6Y98          LUT2 (Prop_lut2_I1_O)        0.045     1.763 r  FSM/RES_REG[27]_i_3/O
                         net (fo=1, routed)           0.000     1.763    FSM/RES_REG[27]_i_3_n_0
    SLICE_X6Y98          CARRY4 (Prop_carry4_S[2]_CO[3])
                                                      0.111     1.874 r  FSM/RES_REG_reg[27]_i_1/CO[3]
                         net (fo=1, routed)           0.000     1.874    FSM/RES_REG_reg[27]_i_1_n_0
    SLICE_X6Y99          CARRY4 (Prop_carry4_CI_CO[3])
                                                      0.040     1.914 r  FSM/RES_REG_reg[31]_i_1/CO[3]
                         net (fo=1, routed)           0.001     1.915    FSM/RES_REG_reg[31]_i_1_n_0
    SLICE_X6Y100         CARRY4 (Prop_carry4_CI_O[1])
                                                      0.089     2.004 r  FSM/RES_REG_reg[35]_i_1/O[1]
                         net (fo=1, routed)           0.000     2.004    FSM/in22[33]
    SLICE_X6Y100         FDCE                                         r  FSM/RES_REG_reg[33]/D
  -------------------------------------------------------------------    -------------------

                         (clock sys_clk_pin rise edge)
                                                      0.000     0.000 r  
    E3                                                0.000     0.000 r  CLK (IN)
                         net (fo=0)                   0.000     0.000    CLK
    E3                   IBUF (Prop_ibuf_I_O)         0.438     0.438 r  CLK_IBUF_inst/O
                         net (fo=1, routed)           0.699     1.136    CLK_IBUF
    BUFGCTRL_X0Y16       BUFG (Prop_bufg_I_O)         0.029     1.165 r  CLK_IBUF_BUFG_inst/O
                         net (fo=272, routed)         0.868     2.034    FSM/CLK
    SLICE_X6Y100         FDCE                                         r  FSM/RES_REG_reg[33]/C
                         clock pessimism             -0.245     1.788    
    SLICE_X6Y100         FDCE (Hold_fdce_C_D)         0.134     1.922    FSM/RES_REG_reg[33]
  -------------------------------------------------------------------
                         required time                         -1.922    
                         arrival time                           2.004    
  -------------------------------------------------------------------
                         slack                                  0.082    

Slack (MET) :             0.084ns  (arrival time - required time)
  Source:                 FSM/DATA_REG_reg[26]/C
                            (rising edge-triggered cell FDCE clocked by sys_clk_pin  {rise@0.000ns fall@5.000ns period=10.000ns})
  Destination:            FSM/RES_REG_reg[35]/D
                            (rising edge-triggered cell FDCE clocked by sys_clk_pin  {rise@0.000ns fall@5.000ns period=10.000ns})
  Path Group:             sys_clk_pin
  Path Type:              Hold (Min at Fast Process Corner)
  Requirement:            0.000ns  (sys_clk_pin rise@0.000ns - sys_clk_pin rise@0.000ns)
  Data Path Delay:        0.483ns  (logic 0.428ns (88.650%)  route 0.055ns (11.350%))
  Logic Levels:           4  (CARRY4=3 LUT2=1)
  Clock Path Skew:        0.265ns (DCD - SCD - CPR)
    Destination Clock Delay (DCD):    2.034ns
    Source Clock Delay      (SCD):    1.523ns
    Clock Pessimism Removal (CPR):    0.245ns

    Location             Delay type                Incr(ns)  Path(ns)    Netlist Resource(s)
  -------------------------------------------------------------------    -------------------
                         (clock sys_clk_pin rise edge)
                                                      0.000     0.000 r  
    E3                                                0.000     0.000 r  CLK (IN)
                         net (fo=0)                   0.000     0.000    CLK
    E3                   IBUF (Prop_ibuf_I_O)         0.250     0.250 r  CLK_IBUF_inst/O
                         net (fo=1, routed)           0.644     0.894    CLK_IBUF
    BUFGCTRL_X0Y16       BUFG (Prop_bufg_I_O)         0.026     0.920 r  CLK_IBUF_BUFG_inst/O
                         net (fo=272, routed)         0.604     1.523    FSM/CLK
    SLICE_X7Y98          FDCE                                         r  FSM/DATA_REG_reg[26]/C
  -------------------------------------------------------------------    -------------------
    SLICE_X7Y98          FDCE (Prop_fdce_C_Q)         0.141     1.664 r  FSM/DATA_REG_reg[26]/Q
                         net (fo=1, routed)           0.054     1.718    FSM/DATA_REG_reg_n_0_[26]
    SLICE_X6Y98          LUT2 (Prop_lut2_I1_O)        0.045     1.763 r  FSM/RES_REG[27]_i_3/O
                         net (fo=1, routed)           0.000     1.763    FSM/RES_REG[27]_i_3_n_0
    SLICE_X6Y98          CARRY4 (Prop_carry4_S[2]_CO[3])
                                                      0.111     1.874 r  FSM/RES_REG_reg[27]_i_1/CO[3]
                         net (fo=1, routed)           0.000     1.874    FSM/RES_REG_reg[27]_i_1_n_0
    SLICE_X6Y99          CARRY4 (Prop_carry4_CI_CO[3])
                                                      0.040     1.914 r  FSM/RES_REG_reg[31]_i_1/CO[3]
                         net (fo=1, routed)           0.001     1.915    FSM/RES_REG_reg[31]_i_1_n_0
    SLICE_X6Y100         CARRY4 (Prop_carry4_CI_O[3])
                                                      0.091     2.006 r  FSM/RES_REG_reg[35]_i_1/O[3]
                         net (fo=1, routed)           0.000     2.006    FSM/in22[35]
    SLICE_X6Y100         FDCE                                         r  FSM/RES_REG_reg[35]/D
  -------------------------------------------------------------------    -------------------

                         (clock sys_clk_pin rise edge)
                                                      0.000     0.000 r  
    E3                                                0.000     0.000 r  CLK (IN)
                         net (fo=0)                   0.000     0.000    CLK
    E3                   IBUF (Prop_ibuf_I_O)         0.438     0.438 r  CLK_IBUF_inst/O
                         net (fo=1, routed)           0.699     1.136    CLK_IBUF
    BUFGCTRL_X0Y16       BUFG (Prop_bufg_I_O)         0.029     1.165 r  CLK_IBUF_BUFG_inst/O
                         net (fo=272, routed)         0.868     2.034    FSM/CLK
    SLICE_X6Y100         FDCE                                         r  FSM/RES_REG_reg[35]/C
                         clock pessimism             -0.245     1.788    
    SLICE_X6Y100         FDCE (Hold_fdce_C_D)         0.134     1.922    FSM/RES_REG_reg[35]
  -------------------------------------------------------------------
                         required time                         -1.922    
                         arrival time                           2.006    
  -------------------------------------------------------------------
                         slack                                  0.084    

Slack (MET) :             0.086ns  (arrival time - required time)
  Source:                 FSM/DATA_REG_reg[26]/C
                            (rising edge-triggered cell FDCE clocked by sys_clk_pin  {rise@0.000ns fall@5.000ns period=10.000ns})
  Destination:            FSM/RES_REG_reg[36]/D
                            (rising edge-triggered cell FDCE clocked by sys_clk_pin  {rise@0.000ns fall@5.000ns period=10.000ns})
  Path Group:             sys_clk_pin
  Path Type:              Hold (Min at Fast Process Corner)
  Requirement:            0.000ns  (sys_clk_pin rise@0.000ns - sys_clk_pin rise@0.000ns)
  Data Path Delay:        0.485ns  (logic 0.430ns (88.697%)  route 0.055ns (11.303%))
  Logic Levels:           5  (CARRY4=4 LUT2=1)
  Clock Path Skew:        0.265ns (DCD - SCD - CPR)
    Destination Clock Delay (DCD):    2.034ns
    Source Clock Delay      (SCD):    1.523ns
    Clock Pessimism Removal (CPR):    0.245ns

    Location             Delay type                Incr(ns)  Path(ns)    Netlist Resource(s)
  -------------------------------------------------------------------    -------------------
                         (clock sys_clk_pin rise edge)
                                                      0.000     0.000 r  
    E3                                                0.000     0.000 r  CLK (IN)
                         net (fo=0)                   0.000     0.000    CLK
    E3                   IBUF (Prop_ibuf_I_O)         0.250     0.250 r  CLK_IBUF_inst/O
                         net (fo=1, routed)           0.644     0.894    CLK_IBUF
    BUFGCTRL_X0Y16       BUFG (Prop_bufg_I_O)         0.026     0.920 r  CLK_IBUF_BUFG_inst/O
                         net (fo=272, routed)         0.604     1.523    FSM/CLK
    SLICE_X7Y98          FDCE                                         r  FSM/DATA_REG_reg[26]/C
  -------------------------------------------------------------------    -------------------
    SLICE_X7Y98          FDCE (Prop_fdce_C_Q)         0.141     1.664 r  FSM/DATA_REG_reg[26]/Q
                         net (fo=1, routed)           0.054     1.718    FSM/DATA_REG_reg_n_0_[26]
    SLICE_X6Y98          LUT2 (Prop_lut2_I1_O)        0.045     1.763 r  FSM/RES_REG[27]_i_3/O
                         net (fo=1, routed)           0.000     1.763    FSM/RES_REG[27]_i_3_n_0
    SLICE_X6Y98          CARRY4 (Prop_carry4_S[2]_CO[3])
                                                      0.111     1.874 r  FSM/RES_REG_reg[27]_i_1/CO[3]
                         net (fo=1, routed)           0.000     1.874    FSM/RES_REG_reg[27]_i_1_n_0
    SLICE_X6Y99          CARRY4 (Prop_carry4_CI_CO[3])
                                                      0.040     1.914 r  FSM/RES_REG_reg[31]_i_1/CO[3]
                         net (fo=1, routed)           0.001     1.915    FSM/RES_REG_reg[31]_i_1_n_0
    SLICE_X6Y100         CARRY4 (Prop_carry4_CI_CO[3])
                                                      0.040     1.955 r  FSM/RES_REG_reg[35]_i_1/CO[3]
                         net (fo=1, routed)           0.000     1.955    FSM/RES_REG_reg[35]_i_1_n_0
    SLICE_X6Y101         CARRY4 (Prop_carry4_CI_O[0])
                                                      0.053     2.008 r  FSM/RES_REG_reg[39]_i_1/O[0]
                         net (fo=1, routed)           0.000     2.008    FSM/in22[36]
    SLICE_X6Y101         FDCE                                         r  FSM/RES_REG_reg[36]/D
  -------------------------------------------------------------------    -------------------

                         (clock sys_clk_pin rise edge)
                                                      0.000     0.000 r  
    E3                                                0.000     0.000 r  CLK (IN)
                         net (fo=0)                   0.000     0.000    CLK
    E3                   IBUF (Prop_ibuf_I_O)         0.438     0.438 r  CLK_IBUF_inst/O
                         net (fo=1, routed)           0.699     1.136    CLK_IBUF
    BUFGCTRL_X0Y16       BUFG (Prop_bufg_I_O)         0.029     1.165 r  CLK_IBUF_BUFG_inst/O
                         net (fo=272, routed)         0.868     2.034    FSM/CLK
    SLICE_X6Y101         FDCE                                         r  FSM/RES_REG_reg[36]/C
                         clock pessimism             -0.245     1.788    
    SLICE_X6Y101         FDCE (Hold_fdce_C_D)         0.134     1.922    FSM/RES_REG_reg[36]
  -------------------------------------------------------------------
                         required time                         -1.922    
                         arrival time                           2.008    
  -------------------------------------------------------------------
                         slack                                  0.086    

Slack (MET) :             0.099ns  (arrival time - required time)
  Source:                 FSM/DATA_REG_reg[26]/C
                            (rising edge-triggered cell FDCE clocked by sys_clk_pin  {rise@0.000ns fall@5.000ns period=10.000ns})
  Destination:            FSM/RES_REG_reg[38]/D
                            (rising edge-triggered cell FDCE clocked by sys_clk_pin  {rise@0.000ns fall@5.000ns period=10.000ns})
  Path Group:             sys_clk_pin
  Path Type:              Hold (Min at Fast Process Corner)
  Requirement:            0.000ns  (sys_clk_pin rise@0.000ns - sys_clk_pin rise@0.000ns)
  Data Path Delay:        0.498ns  (logic 0.443ns (88.992%)  route 0.055ns (11.008%))
  Logic Levels:           5  (CARRY4=4 LUT2=1)
  Clock Path Skew:        0.265ns (DCD - SCD - CPR)
    Destination Clock Delay (DCD):    2.034ns
    Source Clock Delay      (SCD):    1.523ns
    Clock Pessimism Removal (CPR):    0.245ns

    Location             Delay type                Incr(ns)  Path(ns)    Netlist Resource(s)
  -------------------------------------------------------------------    -------------------
                         (clock sys_clk_pin rise edge)
                                                      0.000     0.000 r  
    E3                                                0.000     0.000 r  CLK (IN)
                         net (fo=0)                   0.000     0.000    CLK
    E3                   IBUF (Prop_ibuf_I_O)         0.250     0.250 r  CLK_IBUF_inst/O
                         net (fo=1, routed)           0.644     0.894    CLK_IBUF
    BUFGCTRL_X0Y16       BUFG (Prop_bufg_I_O)         0.026     0.920 r  CLK_IBUF_BUFG_inst/O
                         net (fo=272, routed)         0.604     1.523    FSM/CLK
    SLICE_X7Y98          FDCE                                         r  FSM/DATA_REG_reg[26]/C
  -------------------------------------------------------------------    -------------------
    SLICE_X7Y98          FDCE (Prop_fdce_C_Q)         0.141     1.664 r  FSM/DATA_REG_reg[26]/Q
                         net (fo=1, routed)           0.054     1.718    FSM/DATA_REG_reg_n_0_[26]
    SLICE_X6Y98          LUT2 (Prop_lut2_I1_O)        0.045     1.763 r  FSM/RES_REG[27]_i_3/O
                         net (fo=1, routed)           0.000     1.763    FSM/RES_REG[27]_i_3_n_0
    SLICE_X6Y98          CARRY4 (Prop_carry4_S[2]_CO[3])
                                                      0.111     1.874 r  FSM/RES_REG_reg[27]_i_1/CO[3]
                         net (fo=1, routed)           0.000     1.874    FSM/RES_REG_reg[27]_i_1_n_0
    SLICE_X6Y99          CARRY4 (Prop_carry4_CI_CO[3])
                                                      0.040     1.914 r  FSM/RES_REG_reg[31]_i_1/CO[3]
                         net (fo=1, routed)           0.001     1.915    FSM/RES_REG_reg[31]_i_1_n_0
    SLICE_X6Y100         CARRY4 (Prop_carry4_CI_CO[3])
                                                      0.040     1.955 r  FSM/RES_REG_reg[35]_i_1/CO[3]
                         net (fo=1, routed)           0.000     1.955    FSM/RES_REG_reg[35]_i_1_n_0
    SLICE_X6Y101         CARRY4 (Prop_carry4_CI_O[2])
                                                      0.066     2.021 r  FSM/RES_REG_reg[39]_i_1/O[2]
                         net (fo=1, routed)           0.000     2.021    FSM/in22[38]
    SLICE_X6Y101         FDCE                                         r  FSM/RES_REG_reg[38]/D
  -------------------------------------------------------------------    -------------------

                         (clock sys_clk_pin rise edge)
                                                      0.000     0.000 r  
    E3                                                0.000     0.000 r  CLK (IN)
                         net (fo=0)                   0.000     0.000    CLK
    E3                   IBUF (Prop_ibuf_I_O)         0.438     0.438 r  CLK_IBUF_inst/O
                         net (fo=1, routed)           0.699     1.136    CLK_IBUF
    BUFGCTRL_X0Y16       BUFG (Prop_bufg_I_O)         0.029     1.165 r  CLK_IBUF_BUFG_inst/O
                         net (fo=272, routed)         0.868     2.034    FSM/CLK
    SLICE_X6Y101         FDCE                                         r  FSM/RES_REG_reg[38]/C
                         clock pessimism             -0.245     1.788    
    SLICE_X6Y101         FDCE (Hold_fdce_C_D)         0.134     1.922    FSM/RES_REG_reg[38]
  -------------------------------------------------------------------
                         required time                         -1.922    
                         arrival time                           2.021    
  -------------------------------------------------------------------
                         slack                                  0.099    

Slack (MET) :             0.106ns  (arrival time - required time)
  Source:                 FSM/FSM_onehot_FSM_STATE_reg[0]/C
                            (rising edge-triggered cell FDPE clocked by sys_clk_pin  {rise@0.000ns fall@5.000ns period=10.000ns})
  Destination:            FSM/FSM_onehot_FSM_STATE_reg[1]/D
                            (rising edge-triggered cell FDCE clocked by sys_clk_pin  {rise@0.000ns fall@5.000ns period=10.000ns})
  Path Group:             sys_clk_pin
  Path Type:              Hold (Min at Fast Process Corner)
  Requirement:            0.000ns  (sys_clk_pin rise@0.000ns - sys_clk_pin rise@0.000ns)
  Data Path Delay:        0.504ns  (logic 0.209ns (41.487%)  route 0.295ns (58.513%))
  Logic Levels:           1  (LUT2=1)
  Clock Path Skew:        0.277ns (DCD - SCD - CPR)
    Destination Clock Delay (DCD):    2.012ns
    Source Clock Delay      (SCD):    1.489ns
    Clock Pessimism Removal (CPR):    0.245ns

    Location             Delay type                Incr(ns)  Path(ns)    Netlist Resource(s)
  -------------------------------------------------------------------    -------------------
                         (clock sys_clk_pin rise edge)
                                                      0.000     0.000 r  
    E3                                                0.000     0.000 r  CLK (IN)
                         net (fo=0)                   0.000     0.000    CLK
    E3                   IBUF (Prop_ibuf_I_O)         0.250     0.250 r  CLK_IBUF_inst/O
                         net (fo=1, routed)           0.644     0.894    CLK_IBUF
    BUFGCTRL_X0Y16       BUFG (Prop_bufg_I_O)         0.026     0.920 r  CLK_IBUF_BUFG_inst/O
                         net (fo=272, routed)         0.570     1.489    FSM/CLK
    SLICE_X10Y101        FDPE                                         r  FSM/FSM_onehot_FSM_STATE_reg[0]/C
  -------------------------------------------------------------------    -------------------
    SLICE_X10Y101        FDPE (Prop_fdpe_C_Q)         0.164     1.653 r  FSM/FSM_onehot_FSM_STATE_reg[0]/Q
                         net (fo=43, routed)          0.295     1.948    FSM/Q[0]
    SLICE_X10Y99         LUT2 (Prop_lut2_I0_O)        0.045     1.993 r  FSM/FSM_onehot_FSM_STATE[1]_i_1/O
                         net (fo=1, routed)           0.000     1.993    FSM/FSM_onehot_FSM_STATE[1]_i_1_n_0
    SLICE_X10Y99         FDCE                                         r  FSM/FSM_onehot_FSM_STATE_reg[1]/D
  -------------------------------------------------------------------    -------------------

                         (clock sys_clk_pin rise edge)
                                                      0.000     0.000 r  
    E3                                                0.000     0.000 r  CLK (IN)
                         net (fo=0)                   0.000     0.000    CLK
    E3                   IBUF (Prop_ibuf_I_O)         0.438     0.438 r  CLK_IBUF_inst/O
                         net (fo=1, routed)           0.699     1.136    CLK_IBUF
    BUFGCTRL_X0Y16       BUFG (Prop_bufg_I_O)         0.029     1.165 r  CLK_IBUF_BUFG_inst/O
                         net (fo=272, routed)         0.847     2.012    FSM/CLK
    SLICE_X10Y99         FDCE                                         r  FSM/FSM_onehot_FSM_STATE_reg[1]/C
                         clock pessimism             -0.245     1.766    
    SLICE_X10Y99         FDCE (Hold_fdce_C_D)         0.121     1.887    FSM/FSM_onehot_FSM_STATE_reg[1]
  -------------------------------------------------------------------
                         required time                         -1.887    
                         arrival time                           1.993    
  -------------------------------------------------------------------
                         slack                                  0.106    

Slack (MET) :             0.122ns  (arrival time - required time)
  Source:                 FSM/DATA_REG_reg[26]/C
                            (rising edge-triggered cell FDCE clocked by sys_clk_pin  {rise@0.000ns fall@5.000ns period=10.000ns})
  Destination:            FSM/RES_REG_reg[37]/D
                            (rising edge-triggered cell FDCE clocked by sys_clk_pin  {rise@0.000ns fall@5.000ns period=10.000ns})
  Path Group:             sys_clk_pin
  Path Type:              Hold (Min at Fast Process Corner)
  Requirement:            0.000ns  (sys_clk_pin rise@0.000ns - sys_clk_pin rise@0.000ns)
  Data Path Delay:        0.521ns  (logic 0.466ns (89.478%)  route 0.055ns (10.522%))
  Logic Levels:           5  (CARRY4=4 LUT2=1)
  Clock Path Skew:        0.265ns (DCD - SCD - CPR)
    Destination Clock Delay (DCD):    2.034ns
    Source Clock Delay      (SCD):    1.523ns
    Clock Pessimism Removal (CPR):    0.245ns

    Location             Delay type                Incr(ns)  Path(ns)    Netlist Resource(s)
  -------------------------------------------------------------------    -------------------
                         (clock sys_clk_pin rise edge)
                                                      0.000     0.000 r  
    E3                                                0.000     0.000 r  CLK (IN)
                         net (fo=0)                   0.000     0.000    CLK
    E3                   IBUF (Prop_ibuf_I_O)         0.250     0.250 r  CLK_IBUF_inst/O
                         net (fo=1, routed)           0.644     0.894    CLK_IBUF
    BUFGCTRL_X0Y16       BUFG (Prop_bufg_I_O)         0.026     0.920 r  CLK_IBUF_BUFG_inst/O
                         net (fo=272, routed)         0.604     1.523    FSM/CLK
    SLICE_X7Y98          FDCE                                         r  FSM/DATA_REG_reg[26]/C
  -------------------------------------------------------------------    -------------------
    SLICE_X7Y98          FDCE (Prop_fdce_C_Q)         0.141     1.664 r  FSM/DATA_REG_reg[26]/Q
                         net (fo=1, routed)           0.054     1.718    FSM/DATA_REG_reg_n_0_[26]
    SLICE_X6Y98          LUT2 (Prop_lut2_I1_O)        0.045     1.763 r  FSM/RES_REG[27]_i_3/O
                         net (fo=1, routed)           0.000     1.763    FSM/RES_REG[27]_i_3_n_0
    SLICE_X6Y98          CARRY4 (Prop_carry4_S[2]_CO[3])
                                                      0.111     1.874 r  FSM/RES_REG_reg[27]_i_1/CO[3]
                         net (fo=1, routed)           0.000     1.874    FSM/RES_REG_reg[27]_i_1_n_0
    SLICE_X6Y99          CARRY4 (Prop_carry4_CI_CO[3])
                                                      0.040     1.914 r  FSM/RES_REG_reg[31]_i_1/CO[3]
                         net (fo=1, routed)           0.001     1.915    FSM/RES_REG_reg[31]_i_1_n_0
    SLICE_X6Y100         CARRY4 (Prop_carry4_CI_CO[3])
                                                      0.040     1.955 r  FSM/RES_REG_reg[35]_i_1/CO[3]
                         net (fo=1, routed)           0.000     1.955    FSM/RES_REG_reg[35]_i_1_n_0
    SLICE_X6Y101         CARRY4 (Prop_carry4_CI_O[1])
                                                      0.089     2.044 r  FSM/RES_REG_reg[39]_i_1/O[1]
                         net (fo=1, routed)           0.000     2.044    FSM/in22[37]
    SLICE_X6Y101         FDCE                                         r  FSM/RES_REG_reg[37]/D
  -------------------------------------------------------------------    -------------------

                         (clock sys_clk_pin rise edge)
                                                      0.000     0.000 r  
    E3                                                0.000     0.000 r  CLK (IN)
                         net (fo=0)                   0.000     0.000    CLK
    E3                   IBUF (Prop_ibuf_I_O)         0.438     0.438 r  CLK_IBUF_inst/O
                         net (fo=1, routed)           0.699     1.136    CLK_IBUF
    BUFGCTRL_X0Y16       BUFG (Prop_bufg_I_O)         0.029     1.165 r  CLK_IBUF_BUFG_inst/O
                         net (fo=272, routed)         0.868     2.034    FSM/CLK
    SLICE_X6Y101         FDCE                                         r  FSM/RES_REG_reg[37]/C
                         clock pessimism             -0.245     1.788    
    SLICE_X6Y101         FDCE (Hold_fdce_C_D)         0.134     1.922    FSM/RES_REG_reg[37]
  -------------------------------------------------------------------
                         required time                         -1.922    
                         arrival time                           2.044    
  -------------------------------------------------------------------
                         slack                                  0.122    

Slack (MET) :             0.124ns  (arrival time - required time)
  Source:                 FSM/DATA_REG_reg[26]/C
                            (rising edge-triggered cell FDCE clocked by sys_clk_pin  {rise@0.000ns fall@5.000ns period=10.000ns})
  Destination:            FSM/RES_REG_reg[39]/D
                            (rising edge-triggered cell FDCE clocked by sys_clk_pin  {rise@0.000ns fall@5.000ns period=10.000ns})
  Path Group:             sys_clk_pin
  Path Type:              Hold (Min at Fast Process Corner)
  Requirement:            0.000ns  (sys_clk_pin rise@0.000ns - sys_clk_pin rise@0.000ns)
  Data Path Delay:        0.523ns  (logic 0.468ns (89.518%)  route 0.055ns (10.482%))
  Logic Levels:           5  (CARRY4=4 LUT2=1)
  Clock Path Skew:        0.265ns (DCD - SCD - CPR)
    Destination Clock Delay (DCD):    2.034ns
    Source Clock Delay      (SCD):    1.523ns
    Clock Pessimism Removal (CPR):    0.245ns

    Location             Delay type                Incr(ns)  Path(ns)    Netlist Resource(s)
  -------------------------------------------------------------------    -------------------
                         (clock sys_clk_pin rise edge)
                                                      0.000     0.000 r  
    E3                                                0.000     0.000 r  CLK (IN)
                         net (fo=0)                   0.000     0.000    CLK
    E3                   IBUF (Prop_ibuf_I_O)         0.250     0.250 r  CLK_IBUF_inst/O
                         net (fo=1, routed)           0.644     0.894    CLK_IBUF
    BUFGCTRL_X0Y16       BUFG (Prop_bufg_I_O)         0.026     0.920 r  CLK_IBUF_BUFG_inst/O
                         net (fo=272, routed)         0.604     1.523    FSM/CLK
    SLICE_X7Y98          FDCE                                         r  FSM/DATA_REG_reg[26]/C
  -------------------------------------------------------------------    -------------------
    SLICE_X7Y98          FDCE (Prop_fdce_C_Q)         0.141     1.664 r  FSM/DATA_REG_reg[26]/Q
                         net (fo=1, routed)           0.054     1.718    FSM/DATA_REG_reg_n_0_[26]
    SLICE_X6Y98          LUT2 (Prop_lut2_I1_O)        0.045     1.763 r  FSM/RES_REG[27]_i_3/O
                         net (fo=1, routed)           0.000     1.763    FSM/RES_REG[27]_i_3_n_0
    SLICE_X6Y98          CARRY4 (Prop_carry4_S[2]_CO[3])
                                                      0.111     1.874 r  FSM/RES_REG_reg[27]_i_1/CO[3]
                         net (fo=1, routed)           0.000     1.874    FSM/RES_REG_reg[27]_i_1_n_0
    SLICE_X6Y99          CARRY4 (Prop_carry4_CI_CO[3])
                                                      0.040     1.914 r  FSM/RES_REG_reg[31]_i_1/CO[3]
                         net (fo=1, routed)           0.001     1.915    FSM/RES_REG_reg[31]_i_1_n_0
    SLICE_X6Y100         CARRY4 (Prop_carry4_CI_CO[3])
                                                      0.040     1.955 r  FSM/RES_REG_reg[35]_i_1/CO[3]
                         net (fo=1, routed)           0.000     1.955    FSM/RES_REG_reg[35]_i_1_n_0
    SLICE_X6Y101         CARRY4 (Prop_carry4_CI_O[3])
                                                      0.091     2.046 r  FSM/RES_REG_reg[39]_i_1/O[3]
                         net (fo=1, routed)           0.000     2.046    FSM/in22[39]
    SLICE_X6Y101         FDCE                                         r  FSM/RES_REG_reg[39]/D
  -------------------------------------------------------------------    -------------------

                         (clock sys_clk_pin rise edge)
                                                      0.000     0.000 r  
    E3                                                0.000     0.000 r  CLK (IN)
                         net (fo=0)                   0.000     0.000    CLK
    E3                   IBUF (Prop_ibuf_I_O)         0.438     0.438 r  CLK_IBUF_inst/O
                         net (fo=1, routed)           0.699     1.136    CLK_IBUF
    BUFGCTRL_X0Y16       BUFG (Prop_bufg_I_O)         0.029     1.165 r  CLK_IBUF_BUFG_inst/O
                         net (fo=272, routed)         0.868     2.034    FSM/CLK
    SLICE_X6Y101         FDCE                                         r  FSM/RES_REG_reg[39]/C
                         clock pessimism             -0.245     1.788    
    SLICE_X6Y101         FDCE (Hold_fdce_C_D)         0.134     1.922    FSM/RES_REG_reg[39]
  -------------------------------------------------------------------
                         required time                         -1.922    
                         arrival time                           2.046    
  -------------------------------------------------------------------
                         slack                                  0.124    

Slack (MET) :             0.126ns  (arrival time - required time)
  Source:                 FSM/DATA_REG_reg[26]/C
                            (rising edge-triggered cell FDCE clocked by sys_clk_pin  {rise@0.000ns fall@5.000ns period=10.000ns})
  Destination:            FSM/RES_REG_reg[40]/D
                            (rising edge-triggered cell FDCE clocked by sys_clk_pin  {rise@0.000ns fall@5.000ns period=10.000ns})
  Path Group:             sys_clk_pin
  Path Type:              Hold (Min at Fast Process Corner)
  Requirement:            0.000ns  (sys_clk_pin rise@0.000ns - sys_clk_pin rise@0.000ns)
  Data Path Delay:        0.525ns  (logic 0.470ns (89.558%)  route 0.055ns (10.442%))
  Logic Levels:           6  (CARRY4=5 LUT2=1)
  Clock Path Skew:        0.265ns (DCD - SCD - CPR)
    Destination Clock Delay (DCD):    2.034ns
    Source Clock Delay      (SCD):    1.523ns
    Clock Pessimism Removal (CPR):    0.245ns

    Location             Delay type                Incr(ns)  Path(ns)    Netlist Resource(s)
  -------------------------------------------------------------------    -------------------
                         (clock sys_clk_pin rise edge)
                                                      0.000     0.000 r  
    E3                                                0.000     0.000 r  CLK (IN)
                         net (fo=0)                   0.000     0.000    CLK
    E3                   IBUF (Prop_ibuf_I_O)         0.250     0.250 r  CLK_IBUF_inst/O
                         net (fo=1, routed)           0.644     0.894    CLK_IBUF
    BUFGCTRL_X0Y16       BUFG (Prop_bufg_I_O)         0.026     0.920 r  CLK_IBUF_BUFG_inst/O
                         net (fo=272, routed)         0.604     1.523    FSM/CLK
    SLICE_X7Y98          FDCE                                         r  FSM/DATA_REG_reg[26]/C
  -------------------------------------------------------------------    -------------------
    SLICE_X7Y98          FDCE (Prop_fdce_C_Q)         0.141     1.664 r  FSM/DATA_REG_reg[26]/Q
                         net (fo=1, routed)           0.054     1.718    FSM/DATA_REG_reg_n_0_[26]
    SLICE_X6Y98          LUT2 (Prop_lut2_I1_O)        0.045     1.763 r  FSM/RES_REG[27]_i_3/O
                         net (fo=1, routed)           0.000     1.763    FSM/RES_REG[27]_i_3_n_0
    SLICE_X6Y98          CARRY4 (Prop_carry4_S[2]_CO[3])
                                                      0.111     1.874 r  FSM/RES_REG_reg[27]_i_1/CO[3]
                         net (fo=1, routed)           0.000     1.874    FSM/RES_REG_reg[27]_i_1_n_0
    SLICE_X6Y99          CARRY4 (Prop_carry4_CI_CO[3])
                                                      0.040     1.914 r  FSM/RES_REG_reg[31]_i_1/CO[3]
                         net (fo=1, routed)           0.001     1.915    FSM/RES_REG_reg[31]_i_1_n_0
    SLICE_X6Y100         CARRY4 (Prop_carry4_CI_CO[3])
                                                      0.040     1.955 r  FSM/RES_REG_reg[35]_i_1/CO[3]
                         net (fo=1, routed)           0.000     1.955    FSM/RES_REG_reg[35]_i_1_n_0
    SLICE_X6Y101         CARRY4 (Prop_carry4_CI_CO[3])
                                                      0.040     1.995 r  FSM/RES_REG_reg[39]_i_1/CO[3]
                         net (fo=1, routed)           0.000     1.995    FSM/RES_REG_reg[39]_i_1_n_0
    SLICE_X6Y102         CARRY4 (Prop_carry4_CI_O[0])
                                                      0.053     2.048 r  FSM/RES_REG_reg[43]_i_1/O[0]
                         net (fo=1, routed)           0.000     2.048    FSM/in22[40]
    SLICE_X6Y102         FDCE                                         r  FSM/RES_REG_reg[40]/D
  -------------------------------------------------------------------    -------------------

                         (clock sys_clk_pin rise edge)
                                                      0.000     0.000 r  
    E3                                                0.000     0.000 r  CLK (IN)
                         net (fo=0)                   0.000     0.000    CLK
    E3                   IBUF (Prop_ibuf_I_O)         0.438     0.438 r  CLK_IBUF_inst/O
                         net (fo=1, routed)           0.699     1.136    CLK_IBUF
    BUFGCTRL_X0Y16       BUFG (Prop_bufg_I_O)         0.029     1.165 r  CLK_IBUF_BUFG_inst/O
                         net (fo=272, routed)         0.868     2.034    FSM/CLK
    SLICE_X6Y102         FDCE                                         r  FSM/RES_REG_reg[40]/C
                         clock pessimism             -0.245     1.788    
    SLICE_X6Y102         FDCE (Hold_fdce_C_D)         0.134     1.922    FSM/RES_REG_reg[40]
  -------------------------------------------------------------------
                         required time                         -1.922    
                         arrival time                           2.048    
  -------------------------------------------------------------------
                         slack                                  0.126    





Pulse Width Checks
--------------------------------------------------------------------------------------
Clock Name:         sys_clk_pin
Waveform(ns):       { 0.000 5.000 }
Period(ns):         10.000
Sources:            { CLK }

Check Type        Corner  Lib Pin  Reference Pin  Required(ns)  Actual(ns)  Slack(ns)  Location        Pin
Min Period        n/a     BUFG/I   n/a            2.155         10.000      7.845      BUFGCTRL_X0Y16  CLK_IBUF_BUFG_inst/I
Min Period        n/a     FDPE/C   n/a            1.000         10.000      9.000      SLICE_X3Y102    RST_S_reg[0]/C
Min Period        n/a     FDPE/C   n/a            1.000         10.000      9.000      SLICE_X3Y102    RST_S_reg[1]/C
Min Period        n/a     FDRE/C   n/a            1.000         10.000      9.000      SLICE_X3Y95     BTN_FLTR_0/IN_SIGNAL_SYNC_reg[0]/C
Min Period        n/a     FDRE/C   n/a            1.000         10.000      9.000      SLICE_X3Y95     BTN_FLTR_0/IN_SIGNAL_SYNC_reg[1]/C
Min Period        n/a     FDRE/C   n/a            1.000         10.000      9.000      SLICE_X3Y96     BTN_FLTR_0/OUT_SIGNAL_reg/C
Min Period        n/a     FDRE/C   n/a            1.000         10.000      9.000      SLICE_X2Y94     BTN_FLTR_0/cnt_reg[0]/C
Min Period        n/a     FDRE/C   n/a            1.000         10.000      9.000      SLICE_X2Y96     BTN_FLTR_0/cnt_reg[10]/C
Min Period        n/a     FDRE/C   n/a            1.000         10.000      9.000      SLICE_X2Y96     BTN_FLTR_0/cnt_reg[11]/C
Min Period        n/a     FDRE/C   n/a            1.000         10.000      9.000      SLICE_X2Y97     BTN_FLTR_0/cnt_reg[12]/C
Low Pulse Width   Slow    FDPE/C   n/a            0.500         5.000       4.500      SLICE_X3Y102    RST_S_reg[0]/C
Low Pulse Width   Fast    FDPE/C   n/a            0.500         5.000       4.500      SLICE_X3Y102    RST_S_reg[0]/C
Low Pulse Width   Slow    FDPE/C   n/a            0.500         5.000       4.500      SLICE_X3Y102    RST_S_reg[1]/C
Low Pulse Width   Fast    FDPE/C   n/a            0.500         5.000       4.500      SLICE_X3Y102    RST_S_reg[1]/C
Low Pulse Width   Slow    FDRE/C   n/a            0.500         5.000       4.500      SLICE_X3Y95     BTN_FLTR_0/IN_SIGNAL_SYNC_reg[0]/C
Low Pulse Width   Fast    FDRE/C   n/a            0.500         5.000       4.500      SLICE_X3Y95     BTN_FLTR_0/IN_SIGNAL_SYNC_reg[0]/C
Low Pulse Width   Slow    FDRE/C   n/a            0.500         5.000       4.500      SLICE_X3Y95     BTN_FLTR_0/IN_SIGNAL_SYNC_reg[1]/C
Low Pulse Width   Fast    FDRE/C   n/a            0.500         5.000       4.500      SLICE_X3Y95     BTN_FLTR_0/IN_SIGNAL_SYNC_reg[1]/C
Low Pulse Width   Slow    FDRE/C   n/a            0.500         5.000       4.500      SLICE_X3Y96     BTN_FLTR_0/OUT_SIGNAL_reg/C
Low Pulse Width   Fast    FDRE/C   n/a            0.500         5.000       4.500      SLICE_X3Y96     BTN_FLTR_0/OUT_SIGNAL_reg/C
High Pulse Width  Slow    FDPE/C   n/a            0.500         5.000       4.500      SLICE_X3Y102    RST_S_reg[0]/C
High Pulse Width  Fast    FDPE/C   n/a            0.500         5.000       4.500      SLICE_X3Y102    RST_S_reg[0]/C
High Pulse Width  Slow    FDPE/C   n/a            0.500         5.000       4.500      SLICE_X3Y102    RST_S_reg[1]/C
High Pulse Width  Fast    FDPE/C   n/a            0.500         5.000       4.500      SLICE_X3Y102    RST_S_reg[1]/C
High Pulse Width  Slow    FDRE/C   n/a            0.500         5.000       4.500      SLICE_X3Y95     BTN_FLTR_0/IN_SIGNAL_SYNC_reg[0]/C
High Pulse Width  Fast    FDRE/C   n/a            0.500         5.000       4.500      SLICE_X3Y95     BTN_FLTR_0/IN_SIGNAL_SYNC_reg[0]/C
High Pulse Width  Slow    FDRE/C   n/a            0.500         5.000       4.500      SLICE_X3Y95     BTN_FLTR_0/IN_SIGNAL_SYNC_reg[1]/C
High Pulse Width  Fast    FDRE/C   n/a            0.500         5.000       4.500      SLICE_X3Y95     BTN_FLTR_0/IN_SIGNAL_SYNC_reg[1]/C
High Pulse Width  Slow    FDRE/C   n/a            0.500         5.000       4.500      SLICE_X3Y96     BTN_FLTR_0/OUT_SIGNAL_reg/C
High Pulse Width  Fast    FDRE/C   n/a            0.500         5.000       4.500      SLICE_X3Y96     BTN_FLTR_0/OUT_SIGNAL_reg/C



---------------------------------------------------------------------------------------------------
Path Group:  **async_default**
From Clock:  sys_clk_pin
  To Clock:  sys_clk_pin

Setup :            0  Failing Endpoints,  Worst Slack        5.057ns,  Total Violation        0.000ns
Hold  :            0  Failing Endpoints,  Worst Slack        0.560ns,  Total Violation        0.000ns
---------------------------------------------------------------------------------------------------


Max Delay Paths
--------------------------------------------------------------------------------------
Slack (MET) :             5.057ns  (required time - arrival time)
  Source:                 RST_S_reg[1]/C
                            (rising edge-triggered cell FDPE clocked by sys_clk_pin  {rise@0.000ns fall@5.000ns period=10.000ns})
  Destination:            DMI_UART/TX_DATA_CT_reg[0]/CLR
                            (recovery check against rising-edge clock sys_clk_pin  {rise@0.000ns fall@5.000ns period=10.000ns})
  Path Group:             **async_default**
  Path Type:              Recovery (Max at Slow Process Corner)
  Requirement:            10.000ns  (sys_clk_pin rise@10.000ns - sys_clk_pin rise@0.000ns)
  Data Path Delay:        4.465ns  (logic 0.580ns (12.989%)  route 3.885ns (87.011%))
  Logic Levels:           1  (LUT1=1)
  Clock Path Skew:        -0.123ns (DCD - SCD + CPR)
    Destination Clock Delay (DCD):    4.930ns = ( 14.930 - 10.000 ) 
    Source Clock Delay      (SCD):    5.312ns
    Clock Pessimism Removal (CPR):    0.259ns
  Clock Uncertainty:      0.035ns  ((TSJ^2 + TIJ^2)^1/2 + DJ) / 2 + PE
    Total System Jitter     (TSJ):    0.071ns
    Total Input Jitter      (TIJ):    0.000ns
    Discrete Jitter          (DJ):    0.000ns
    Phase Error              (PE):    0.000ns

    Location             Delay type                Incr(ns)  Path(ns)    Netlist Resource(s)
  -------------------------------------------------------------------    -------------------
                         (clock sys_clk_pin rise edge)
                                                      0.000     0.000 r  
    E3                                                0.000     0.000 r  CLK (IN)
                         net (fo=0)                   0.000     0.000    CLK
    E3                   IBUF (Prop_ibuf_I_O)         1.482     1.482 r  CLK_IBUF_inst/O
                         net (fo=1, routed)           2.025     3.506    CLK_IBUF
    BUFGCTRL_X0Y16       BUFG (Prop_bufg_I_O)         0.096     3.602 r  CLK_IBUF_BUFG_inst/O
                         net (fo=272, routed)         1.710     5.312    CLK_IBUF_BUFG
    SLICE_X3Y102         FDPE                                         r  RST_S_reg[1]/C
  -------------------------------------------------------------------    -------------------
    SLICE_X3Y102         FDPE (Prop_fdpe_C_Q)         0.456     5.768 r  RST_S_reg[1]/Q
                         net (fo=20, routed)          0.815     6.584    FSM/DATA_REG_reg[0]_0[0]
    SLICE_X2Y101         LUT1 (Prop_lut1_I0_O)        0.124     6.708 f  FSM/out[16]_i_2/O
                         net (fo=236, routed)         3.070     9.778    DMI_UART/AR[0]
    SLICE_X12Y104        FDCE                                         f  DMI_UART/TX_DATA_CT_reg[0]/CLR
  -------------------------------------------------------------------    -------------------

                         (clock sys_clk_pin rise edge)
                                                     10.000    10.000 r  
    E3                                                0.000    10.000 r  CLK (IN)
                         net (fo=0)                   0.000    10.000    CLK
    E3                   IBUF (Prop_ibuf_I_O)         1.411    11.411 r  CLK_IBUF_inst/O
                         net (fo=1, routed)           1.920    13.331    CLK_IBUF
    BUFGCTRL_X0Y16       BUFG (Prop_bufg_I_O)         0.091    13.422 r  CLK_IBUF_BUFG_inst/O
                         net (fo=272, routed)         1.508    14.930    DMI_UART/CLK
    SLICE_X12Y104        FDCE                                         r  DMI_UART/TX_DATA_CT_reg[0]/C
                         clock pessimism              0.259    15.189    
                         clock uncertainty           -0.035    15.154    
    SLICE_X12Y104        FDCE (Recov_fdce_C_CLR)     -0.319    14.835    DMI_UART/TX_DATA_CT_reg[0]
  -------------------------------------------------------------------
                         required time                         14.835    
                         arrival time                          -9.778    
  -------------------------------------------------------------------
                         slack                                  5.057    

Slack (MET) :             5.057ns  (required time - arrival time)
  Source:                 RST_S_reg[1]/C
                            (rising edge-triggered cell FDPE clocked by sys_clk_pin  {rise@0.000ns fall@5.000ns period=10.000ns})
  Destination:            DMI_UART/TX_DATA_CT_reg[1]/CLR
                            (recovery check against rising-edge clock sys_clk_pin  {rise@0.000ns fall@5.000ns period=10.000ns})
  Path Group:             **async_default**
  Path Type:              Recovery (Max at Slow Process Corner)
  Requirement:            10.000ns  (sys_clk_pin rise@10.000ns - sys_clk_pin rise@0.000ns)
  Data Path Delay:        4.465ns  (logic 0.580ns (12.989%)  route 3.885ns (87.011%))
  Logic Levels:           1  (LUT1=1)
  Clock Path Skew:        -0.123ns (DCD - SCD + CPR)
    Destination Clock Delay (DCD):    4.930ns = ( 14.930 - 10.000 ) 
    Source Clock Delay      (SCD):    5.312ns
    Clock Pessimism Removal (CPR):    0.259ns
  Clock Uncertainty:      0.035ns  ((TSJ^2 + TIJ^2)^1/2 + DJ) / 2 + PE
    Total System Jitter     (TSJ):    0.071ns
    Total Input Jitter      (TIJ):    0.000ns
    Discrete Jitter          (DJ):    0.000ns
    Phase Error              (PE):    0.000ns

    Location             Delay type                Incr(ns)  Path(ns)    Netlist Resource(s)
  -------------------------------------------------------------------    -------------------
                         (clock sys_clk_pin rise edge)
                                                      0.000     0.000 r  
    E3                                                0.000     0.000 r  CLK (IN)
                         net (fo=0)                   0.000     0.000    CLK
    E3                   IBUF (Prop_ibuf_I_O)         1.482     1.482 r  CLK_IBUF_inst/O
                         net (fo=1, routed)           2.025     3.506    CLK_IBUF
    BUFGCTRL_X0Y16       BUFG (Prop_bufg_I_O)         0.096     3.602 r  CLK_IBUF_BUFG_inst/O
                         net (fo=272, routed)         1.710     5.312    CLK_IBUF_BUFG
    SLICE_X3Y102         FDPE                                         r  RST_S_reg[1]/C
  -------------------------------------------------------------------    -------------------
    SLICE_X3Y102         FDPE (Prop_fdpe_C_Q)         0.456     5.768 r  RST_S_reg[1]/Q
                         net (fo=20, routed)          0.815     6.584    FSM/DATA_REG_reg[0]_0[0]
    SLICE_X2Y101         LUT1 (Prop_lut1_I0_O)        0.124     6.708 f  FSM/out[16]_i_2/O
                         net (fo=236, routed)         3.070     9.778    DMI_UART/AR[0]
    SLICE_X12Y104        FDCE                                         f  DMI_UART/TX_DATA_CT_reg[1]/CLR
  -------------------------------------------------------------------    -------------------

                         (clock sys_clk_pin rise edge)
                                                     10.000    10.000 r  
    E3                                                0.000    10.000 r  CLK (IN)
                         net (fo=0)                   0.000    10.000    CLK
    E3                   IBUF (Prop_ibuf_I_O)         1.411    11.411 r  CLK_IBUF_inst/O
                         net (fo=1, routed)           1.920    13.331    CLK_IBUF
    BUFGCTRL_X0Y16       BUFG (Prop_bufg_I_O)         0.091    13.422 r  CLK_IBUF_BUFG_inst/O
                         net (fo=272, routed)         1.508    14.930    DMI_UART/CLK
    SLICE_X12Y104        FDCE                                         r  DMI_UART/TX_DATA_CT_reg[1]/C
                         clock pessimism              0.259    15.189    
                         clock uncertainty           -0.035    15.154    
    SLICE_X12Y104        FDCE (Recov_fdce_C_CLR)     -0.319    14.835    DMI_UART/TX_DATA_CT_reg[1]
  -------------------------------------------------------------------
                         required time                         14.835    
                         arrival time                          -9.778    
  -------------------------------------------------------------------
                         slack                                  5.057    

Slack (MET) :             5.104ns  (required time - arrival time)
  Source:                 RST_S_reg[1]/C
                            (rising edge-triggered cell FDPE clocked by sys_clk_pin  {rise@0.000ns fall@5.000ns period=10.000ns})
  Destination:            FSM/RES_REG_reg[84]/CLR
                            (recovery check against rising-edge clock sys_clk_pin  {rise@0.000ns fall@5.000ns period=10.000ns})
  Path Group:             **async_default**
  Path Type:              Recovery (Max at Slow Process Corner)
  Requirement:            10.000ns  (sys_clk_pin rise@10.000ns - sys_clk_pin rise@0.000ns)
  Data Path Delay:        4.493ns  (logic 0.580ns (12.909%)  route 3.913ns (87.091%))
  Logic Levels:           1  (LUT1=1)
  Clock Path Skew:        -0.049ns (DCD - SCD + CPR)
    Destination Clock Delay (DCD):    5.004ns = ( 15.004 - 10.000 ) 
    Source Clock Delay      (SCD):    5.312ns
    Clock Pessimism Removal (CPR):    0.259ns
  Clock Uncertainty:      0.035ns  ((TSJ^2 + TIJ^2)^1/2 + DJ) / 2 + PE
    Total System Jitter     (TSJ):    0.071ns
    Total Input Jitter      (TIJ):    0.000ns
    Discrete Jitter          (DJ):    0.000ns
    Phase Error              (PE):    0.000ns

    Location             Delay type                Incr(ns)  Path(ns)    Netlist Resource(s)
  -------------------------------------------------------------------    -------------------
                         (clock sys_clk_pin rise edge)
                                                      0.000     0.000 r  
    E3                                                0.000     0.000 r  CLK (IN)
                         net (fo=0)                   0.000     0.000    CLK
    E3                   IBUF (Prop_ibuf_I_O)         1.482     1.482 r  CLK_IBUF_inst/O
                         net (fo=1, routed)           2.025     3.506    CLK_IBUF
    BUFGCTRL_X0Y16       BUFG (Prop_bufg_I_O)         0.096     3.602 r  CLK_IBUF_BUFG_inst/O
                         net (fo=272, routed)         1.710     5.312    CLK_IBUF_BUFG
    SLICE_X3Y102         FDPE                                         r  RST_S_reg[1]/C
  -------------------------------------------------------------------    -------------------
    SLICE_X3Y102         FDPE (Prop_fdpe_C_Q)         0.456     5.768 r  RST_S_reg[1]/Q
                         net (fo=20, routed)          0.815     6.584    FSM/DATA_REG_reg[0]_0[0]
    SLICE_X2Y101         LUT1 (Prop_lut1_I0_O)        0.124     6.708 f  FSM/out[16]_i_2/O
                         net (fo=236, routed)         3.098     9.805    FSM/AR[0]
    SLICE_X6Y113         FDCE                                         f  FSM/RES_REG_reg[84]/CLR
  -------------------------------------------------------------------    -------------------

                         (clock sys_clk_pin rise edge)
                                                     10.000    10.000 r  
    E3                                                0.000    10.000 r  CLK (IN)
                         net (fo=0)                   0.000    10.000    CLK
    E3                   IBUF (Prop_ibuf_I_O)         1.411    11.411 r  CLK_IBUF_inst/O
                         net (fo=1, routed)           1.920    13.331    CLK_IBUF
    BUFGCTRL_X0Y16       BUFG (Prop_bufg_I_O)         0.091    13.422 r  CLK_IBUF_BUFG_inst/O
                         net (fo=272, routed)         1.582    15.004    FSM/CLK
    SLICE_X6Y113         FDCE                                         r  FSM/RES_REG_reg[84]/C
                         clock pessimism              0.259    15.263    
                         clock uncertainty           -0.035    15.228    
    SLICE_X6Y113         FDCE (Recov_fdce_C_CLR)     -0.319    14.909    FSM/RES_REG_reg[84]
  -------------------------------------------------------------------
                         required time                         14.909    
                         arrival time                          -9.805    
  -------------------------------------------------------------------
                         slack                                  5.104    

Slack (MET) :             5.104ns  (required time - arrival time)
  Source:                 RST_S_reg[1]/C
                            (rising edge-triggered cell FDPE clocked by sys_clk_pin  {rise@0.000ns fall@5.000ns period=10.000ns})
  Destination:            FSM/RES_REG_reg[85]/CLR
                            (recovery check against rising-edge clock sys_clk_pin  {rise@0.000ns fall@5.000ns period=10.000ns})
  Path Group:             **async_default**
  Path Type:              Recovery (Max at Slow Process Corner)
  Requirement:            10.000ns  (sys_clk_pin rise@10.000ns - sys_clk_pin rise@0.000ns)
  Data Path Delay:        4.493ns  (logic 0.580ns (12.909%)  route 3.913ns (87.091%))
  Logic Levels:           1  (LUT1=1)
  Clock Path Skew:        -0.049ns (DCD - SCD + CPR)
    Destination Clock Delay (DCD):    5.004ns = ( 15.004 - 10.000 ) 
    Source Clock Delay      (SCD):    5.312ns
    Clock Pessimism Removal (CPR):    0.259ns
  Clock Uncertainty:      0.035ns  ((TSJ^2 + TIJ^2)^1/2 + DJ) / 2 + PE
    Total System Jitter     (TSJ):    0.071ns
    Total Input Jitter      (TIJ):    0.000ns
    Discrete Jitter          (DJ):    0.000ns
    Phase Error              (PE):    0.000ns

    Location             Delay type                Incr(ns)  Path(ns)    Netlist Resource(s)
  -------------------------------------------------------------------    -------------------
                         (clock sys_clk_pin rise edge)
                                                      0.000     0.000 r  
    E3                                                0.000     0.000 r  CLK (IN)
                         net (fo=0)                   0.000     0.000    CLK
    E3                   IBUF (Prop_ibuf_I_O)         1.482     1.482 r  CLK_IBUF_inst/O
                         net (fo=1, routed)           2.025     3.506    CLK_IBUF
    BUFGCTRL_X0Y16       BUFG (Prop_bufg_I_O)         0.096     3.602 r  CLK_IBUF_BUFG_inst/O
                         net (fo=272, routed)         1.710     5.312    CLK_IBUF_BUFG
    SLICE_X3Y102         FDPE                                         r  RST_S_reg[1]/C
  -------------------------------------------------------------------    -------------------
    SLICE_X3Y102         FDPE (Prop_fdpe_C_Q)         0.456     5.768 r  RST_S_reg[1]/Q
                         net (fo=20, routed)          0.815     6.584    FSM/DATA_REG_reg[0]_0[0]
    SLICE_X2Y101         LUT1 (Prop_lut1_I0_O)        0.124     6.708 f  FSM/out[16]_i_2/O
                         net (fo=236, routed)         3.098     9.805    FSM/AR[0]
    SLICE_X6Y113         FDCE                                         f  FSM/RES_REG_reg[85]/CLR
  -------------------------------------------------------------------    -------------------

                         (clock sys_clk_pin rise edge)
                                                     10.000    10.000 r  
    E3                                                0.000    10.000 r  CLK (IN)
                         net (fo=0)                   0.000    10.000    CLK
    E3                   IBUF (Prop_ibuf_I_O)         1.411    11.411 r  CLK_IBUF_inst/O
                         net (fo=1, routed)           1.920    13.331    CLK_IBUF
    BUFGCTRL_X0Y16       BUFG (Prop_bufg_I_O)         0.091    13.422 r  CLK_IBUF_BUFG_inst/O
                         net (fo=272, routed)         1.582    15.004    FSM/CLK
    SLICE_X6Y113         FDCE                                         r  FSM/RES_REG_reg[85]/C
                         clock pessimism              0.259    15.263    
                         clock uncertainty           -0.035    15.228    
    SLICE_X6Y113         FDCE (Recov_fdce_C_CLR)     -0.319    14.909    FSM/RES_REG_reg[85]
  -------------------------------------------------------------------
                         required time                         14.909    
                         arrival time                          -9.805    
  -------------------------------------------------------------------
                         slack                                  5.104    

Slack (MET) :             5.104ns  (required time - arrival time)
  Source:                 RST_S_reg[1]/C
                            (rising edge-triggered cell FDPE clocked by sys_clk_pin  {rise@0.000ns fall@5.000ns period=10.000ns})
  Destination:            FSM/RES_REG_reg[86]/CLR
                            (recovery check against rising-edge clock sys_clk_pin  {rise@0.000ns fall@5.000ns period=10.000ns})
  Path Group:             **async_default**
  Path Type:              Recovery (Max at Slow Process Corner)
  Requirement:            10.000ns  (sys_clk_pin rise@10.000ns - sys_clk_pin rise@0.000ns)
  Data Path Delay:        4.493ns  (logic 0.580ns (12.909%)  route 3.913ns (87.091%))
  Logic Levels:           1  (LUT1=1)
  Clock Path Skew:        -0.049ns (DCD - SCD + CPR)
    Destination Clock Delay (DCD):    5.004ns = ( 15.004 - 10.000 ) 
    Source Clock Delay      (SCD):    5.312ns
    Clock Pessimism Removal (CPR):    0.259ns
  Clock Uncertainty:      0.035ns  ((TSJ^2 + TIJ^2)^1/2 + DJ) / 2 + PE
    Total System Jitter     (TSJ):    0.071ns
    Total Input Jitter      (TIJ):    0.000ns
    Discrete Jitter          (DJ):    0.000ns
    Phase Error              (PE):    0.000ns

    Location             Delay type                Incr(ns)  Path(ns)    Netlist Resource(s)
  -------------------------------------------------------------------    -------------------
                         (clock sys_clk_pin rise edge)
                                                      0.000     0.000 r  
    E3                                                0.000     0.000 r  CLK (IN)
                         net (fo=0)                   0.000     0.000    CLK
    E3                   IBUF (Prop_ibuf_I_O)         1.482     1.482 r  CLK_IBUF_inst/O
                         net (fo=1, routed)           2.025     3.506    CLK_IBUF
    BUFGCTRL_X0Y16       BUFG (Prop_bufg_I_O)         0.096     3.602 r  CLK_IBUF_BUFG_inst/O
                         net (fo=272, routed)         1.710     5.312    CLK_IBUF_BUFG
    SLICE_X3Y102         FDPE                                         r  RST_S_reg[1]/C
  -------------------------------------------------------------------    -------------------
    SLICE_X3Y102         FDPE (Prop_fdpe_C_Q)         0.456     5.768 r  RST_S_reg[1]/Q
                         net (fo=20, routed)          0.815     6.584    FSM/DATA_REG_reg[0]_0[0]
    SLICE_X2Y101         LUT1 (Prop_lut1_I0_O)        0.124     6.708 f  FSM/out[16]_i_2/O
                         net (fo=236, routed)         3.098     9.805    FSM/AR[0]
    SLICE_X6Y113         FDCE                                         f  FSM/RES_REG_reg[86]/CLR
  -------------------------------------------------------------------    -------------------

                         (clock sys_clk_pin rise edge)
                                                     10.000    10.000 r  
    E3                                                0.000    10.000 r  CLK (IN)
                         net (fo=0)                   0.000    10.000    CLK
    E3                   IBUF (Prop_ibuf_I_O)         1.411    11.411 r  CLK_IBUF_inst/O
                         net (fo=1, routed)           1.920    13.331    CLK_IBUF
    BUFGCTRL_X0Y16       BUFG (Prop_bufg_I_O)         0.091    13.422 r  CLK_IBUF_BUFG_inst/O
                         net (fo=272, routed)         1.582    15.004    FSM/CLK
    SLICE_X6Y113         FDCE                                         r  FSM/RES_REG_reg[86]/C
                         clock pessimism              0.259    15.263    
                         clock uncertainty           -0.035    15.228    
    SLICE_X6Y113         FDCE (Recov_fdce_C_CLR)     -0.319    14.909    FSM/RES_REG_reg[86]
  -------------------------------------------------------------------
                         required time                         14.909    
                         arrival time                          -9.805    
  -------------------------------------------------------------------
                         slack                                  5.104    

Slack (MET) :             5.104ns  (required time - arrival time)
  Source:                 RST_S_reg[1]/C
                            (rising edge-triggered cell FDPE clocked by sys_clk_pin  {rise@0.000ns fall@5.000ns period=10.000ns})
  Destination:            FSM/RES_REG_reg[87]/CLR
                            (recovery check against rising-edge clock sys_clk_pin  {rise@0.000ns fall@5.000ns period=10.000ns})
  Path Group:             **async_default**
  Path Type:              Recovery (Max at Slow Process Corner)
  Requirement:            10.000ns  (sys_clk_pin rise@10.000ns - sys_clk_pin rise@0.000ns)
  Data Path Delay:        4.493ns  (logic 0.580ns (12.909%)  route 3.913ns (87.091%))
  Logic Levels:           1  (LUT1=1)
  Clock Path Skew:        -0.049ns (DCD - SCD + CPR)
    Destination Clock Delay (DCD):    5.004ns = ( 15.004 - 10.000 ) 
    Source Clock Delay      (SCD):    5.312ns
    Clock Pessimism Removal (CPR):    0.259ns
  Clock Uncertainty:      0.035ns  ((TSJ^2 + TIJ^2)^1/2 + DJ) / 2 + PE
    Total System Jitter     (TSJ):    0.071ns
    Total Input Jitter      (TIJ):    0.000ns
    Discrete Jitter          (DJ):    0.000ns
    Phase Error              (PE):    0.000ns

    Location             Delay type                Incr(ns)  Path(ns)    Netlist Resource(s)
  -------------------------------------------------------------------    -------------------
                         (clock sys_clk_pin rise edge)
                                                      0.000     0.000 r  
    E3                                                0.000     0.000 r  CLK (IN)
                         net (fo=0)                   0.000     0.000    CLK
    E3                   IBUF (Prop_ibuf_I_O)         1.482     1.482 r  CLK_IBUF_inst/O
                         net (fo=1, routed)           2.025     3.506    CLK_IBUF
    BUFGCTRL_X0Y16       BUFG (Prop_bufg_I_O)         0.096     3.602 r  CLK_IBUF_BUFG_inst/O
                         net (fo=272, routed)         1.710     5.312    CLK_IBUF_BUFG
    SLICE_X3Y102         FDPE                                         r  RST_S_reg[1]/C
  -------------------------------------------------------------------    -------------------
    SLICE_X3Y102         FDPE (Prop_fdpe_C_Q)         0.456     5.768 r  RST_S_reg[1]/Q
                         net (fo=20, routed)          0.815     6.584    FSM/DATA_REG_reg[0]_0[0]
    SLICE_X2Y101         LUT1 (Prop_lut1_I0_O)        0.124     6.708 f  FSM/out[16]_i_2/O
                         net (fo=236, routed)         3.098     9.805    FSM/AR[0]
    SLICE_X6Y113         FDCE                                         f  FSM/RES_REG_reg[87]/CLR
  -------------------------------------------------------------------    -------------------

                         (clock sys_clk_pin rise edge)
                                                     10.000    10.000 r  
    E3                                                0.000    10.000 r  CLK (IN)
                         net (fo=0)                   0.000    10.000    CLK
    E3                   IBUF (Prop_ibuf_I_O)         1.411    11.411 r  CLK_IBUF_inst/O
                         net (fo=1, routed)           1.920    13.331    CLK_IBUF
    BUFGCTRL_X0Y16       BUFG (Prop_bufg_I_O)         0.091    13.422 r  CLK_IBUF_BUFG_inst/O
                         net (fo=272, routed)         1.582    15.004    FSM/CLK
    SLICE_X6Y113         FDCE                                         r  FSM/RES_REG_reg[87]/C
                         clock pessimism              0.259    15.263    
                         clock uncertainty           -0.035    15.228    
    SLICE_X6Y113         FDCE (Recov_fdce_C_CLR)     -0.319    14.909    FSM/RES_REG_reg[87]
  -------------------------------------------------------------------
                         required time                         14.909    
                         arrival time                          -9.805    
  -------------------------------------------------------------------
                         slack                                  5.104    

Slack (MET) :             5.196ns  (required time - arrival time)
  Source:                 RST_S_reg[1]/C
                            (rising edge-triggered cell FDPE clocked by sys_clk_pin  {rise@0.000ns fall@5.000ns period=10.000ns})
  Destination:            DMI_UART/TX_DATA_CT_reg[2]/CLR
                            (recovery check against rising-edge clock sys_clk_pin  {rise@0.000ns fall@5.000ns period=10.000ns})
  Path Group:             **async_default**
  Path Type:              Recovery (Max at Slow Process Corner)
  Requirement:            10.000ns  (sys_clk_pin rise@10.000ns - sys_clk_pin rise@0.000ns)
  Data Path Delay:        4.327ns  (logic 0.580ns (13.404%)  route 3.747ns (86.596%))
  Logic Levels:           1  (LUT1=1)
  Clock Path Skew:        -0.123ns (DCD - SCD + CPR)
    Destination Clock Delay (DCD):    4.930ns = ( 14.930 - 10.000 ) 
    Source Clock Delay      (SCD):    5.312ns
    Clock Pessimism Removal (CPR):    0.259ns
  Clock Uncertainty:      0.035ns  ((TSJ^2 + TIJ^2)^1/2 + DJ) / 2 + PE
    Total System Jitter     (TSJ):    0.071ns
    Total Input Jitter      (TIJ):    0.000ns
    Discrete Jitter          (DJ):    0.000ns
    Phase Error              (PE):    0.000ns

    Location             Delay type                Incr(ns)  Path(ns)    Netlist Resource(s)
  -------------------------------------------------------------------    -------------------
                         (clock sys_clk_pin rise edge)
                                                      0.000     0.000 r  
    E3                                                0.000     0.000 r  CLK (IN)
                         net (fo=0)                   0.000     0.000    CLK
    E3                   IBUF (Prop_ibuf_I_O)         1.482     1.482 r  CLK_IBUF_inst/O
                         net (fo=1, routed)           2.025     3.506    CLK_IBUF
    BUFGCTRL_X0Y16       BUFG (Prop_bufg_I_O)         0.096     3.602 r  CLK_IBUF_BUFG_inst/O
                         net (fo=272, routed)         1.710     5.312    CLK_IBUF_BUFG
    SLICE_X3Y102         FDPE                                         r  RST_S_reg[1]/C
  -------------------------------------------------------------------    -------------------
    SLICE_X3Y102         FDPE (Prop_fdpe_C_Q)         0.456     5.768 r  RST_S_reg[1]/Q
                         net (fo=20, routed)          0.815     6.584    FSM/DATA_REG_reg[0]_0[0]
    SLICE_X2Y101         LUT1 (Prop_lut1_I0_O)        0.124     6.708 f  FSM/out[16]_i_2/O
                         net (fo=236, routed)         2.932     9.639    DMI_UART/AR[0]
    SLICE_X12Y103        FDCE                                         f  DMI_UART/TX_DATA_CT_reg[2]/CLR
  -------------------------------------------------------------------    -------------------

                         (clock sys_clk_pin rise edge)
                                                     10.000    10.000 r  
    E3                                                0.000    10.000 r  CLK (IN)
                         net (fo=0)                   0.000    10.000    CLK
    E3                   IBUF (Prop_ibuf_I_O)         1.411    11.411 r  CLK_IBUF_inst/O
                         net (fo=1, routed)           1.920    13.331    CLK_IBUF
    BUFGCTRL_X0Y16       BUFG (Prop_bufg_I_O)         0.091    13.422 r  CLK_IBUF_BUFG_inst/O
                         net (fo=272, routed)         1.508    14.930    DMI_UART/CLK
    SLICE_X12Y103        FDCE                                         r  DMI_UART/TX_DATA_CT_reg[2]/C
                         clock pessimism              0.259    15.189    
                         clock uncertainty           -0.035    15.154    
    SLICE_X12Y103        FDCE (Recov_fdce_C_CLR)     -0.319    14.835    DMI_UART/TX_DATA_CT_reg[2]
  -------------------------------------------------------------------
                         required time                         14.835    
                         arrival time                          -9.639    
  -------------------------------------------------------------------
                         slack                                  5.196    

Slack (MET) :             5.243ns  (required time - arrival time)
  Source:                 RST_S_reg[1]/C
                            (rising edge-triggered cell FDPE clocked by sys_clk_pin  {rise@0.000ns fall@5.000ns period=10.000ns})
  Destination:            FSM/RES_REG_reg[80]/CLR
                            (recovery check against rising-edge clock sys_clk_pin  {rise@0.000ns fall@5.000ns period=10.000ns})
  Path Group:             **async_default**
  Path Type:              Recovery (Max at Slow Process Corner)
  Requirement:            10.000ns  (sys_clk_pin rise@10.000ns - sys_clk_pin rise@0.000ns)
  Data Path Delay:        4.355ns  (logic 0.580ns (13.320%)  route 3.775ns (86.680%))
  Logic Levels:           1  (LUT1=1)
  Clock Path Skew:        -0.048ns (DCD - SCD + CPR)
    Destination Clock Delay (DCD):    5.005ns = ( 15.005 - 10.000 ) 
    Source Clock Delay      (SCD):    5.312ns
    Clock Pessimism Removal (CPR):    0.259ns
  Clock Uncertainty:      0.035ns  ((TSJ^2 + TIJ^2)^1/2 + DJ) / 2 + PE
    Total System Jitter     (TSJ):    0.071ns
    Total Input Jitter      (TIJ):    0.000ns
    Discrete Jitter          (DJ):    0.000ns
    Phase Error              (PE):    0.000ns

    Location             Delay type                Incr(ns)  Path(ns)    Netlist Resource(s)
  -------------------------------------------------------------------    -------------------
                         (clock sys_clk_pin rise edge)
                                                      0.000     0.000 r  
    E3                                                0.000     0.000 r  CLK (IN)
                         net (fo=0)                   0.000     0.000    CLK
    E3                   IBUF (Prop_ibuf_I_O)         1.482     1.482 r  CLK_IBUF_inst/O
                         net (fo=1, routed)           2.025     3.506    CLK_IBUF
    BUFGCTRL_X0Y16       BUFG (Prop_bufg_I_O)         0.096     3.602 r  CLK_IBUF_BUFG_inst/O
                         net (fo=272, routed)         1.710     5.312    CLK_IBUF_BUFG
    SLICE_X3Y102         FDPE                                         r  RST_S_reg[1]/C
  -------------------------------------------------------------------    -------------------
    SLICE_X3Y102         FDPE (Prop_fdpe_C_Q)         0.456     5.768 r  RST_S_reg[1]/Q
                         net (fo=20, routed)          0.815     6.584    FSM/DATA_REG_reg[0]_0[0]
    SLICE_X2Y101         LUT1 (Prop_lut1_I0_O)        0.124     6.708 f  FSM/out[16]_i_2/O
                         net (fo=236, routed)         2.959     9.667    FSM/AR[0]
    SLICE_X6Y112         FDCE                                         f  FSM/RES_REG_reg[80]/CLR
  -------------------------------------------------------------------    -------------------

                         (clock sys_clk_pin rise edge)
                                                     10.000    10.000 r  
    E3                                                0.000    10.000 r  CLK (IN)
                         net (fo=0)                   0.000    10.000    CLK
    E3                   IBUF (Prop_ibuf_I_O)         1.411    11.411 r  CLK_IBUF_inst/O
                         net (fo=1, routed)           1.920    13.331    CLK_IBUF
    BUFGCTRL_X0Y16       BUFG (Prop_bufg_I_O)         0.091    13.422 r  CLK_IBUF_BUFG_inst/O
                         net (fo=272, routed)         1.583    15.005    FSM/CLK
    SLICE_X6Y112         FDCE                                         r  FSM/RES_REG_reg[80]/C
                         clock pessimism              0.259    15.264    
                         clock uncertainty           -0.035    15.229    
    SLICE_X6Y112         FDCE (Recov_fdce_C_CLR)     -0.319    14.910    FSM/RES_REG_reg[80]
  -------------------------------------------------------------------
                         required time                         14.910    
                         arrival time                          -9.667    
  -------------------------------------------------------------------
                         slack                                  5.243    

Slack (MET) :             5.243ns  (required time - arrival time)
  Source:                 RST_S_reg[1]/C
                            (rising edge-triggered cell FDPE clocked by sys_clk_pin  {rise@0.000ns fall@5.000ns period=10.000ns})
  Destination:            FSM/RES_REG_reg[81]/CLR
                            (recovery check against rising-edge clock sys_clk_pin  {rise@0.000ns fall@5.000ns period=10.000ns})
  Path Group:             **async_default**
  Path Type:              Recovery (Max at Slow Process Corner)
  Requirement:            10.000ns  (sys_clk_pin rise@10.000ns - sys_clk_pin rise@0.000ns)
  Data Path Delay:        4.355ns  (logic 0.580ns (13.320%)  route 3.775ns (86.680%))
  Logic Levels:           1  (LUT1=1)
  Clock Path Skew:        -0.048ns (DCD - SCD + CPR)
    Destination Clock Delay (DCD):    5.005ns = ( 15.005 - 10.000 ) 
    Source Clock Delay      (SCD):    5.312ns
    Clock Pessimism Removal (CPR):    0.259ns
  Clock Uncertainty:      0.035ns  ((TSJ^2 + TIJ^2)^1/2 + DJ) / 2 + PE
    Total System Jitter     (TSJ):    0.071ns
    Total Input Jitter      (TIJ):    0.000ns
    Discrete Jitter          (DJ):    0.000ns
    Phase Error              (PE):    0.000ns

    Location             Delay type                Incr(ns)  Path(ns)    Netlist Resource(s)
  -------------------------------------------------------------------    -------------------
                         (clock sys_clk_pin rise edge)
                                                      0.000     0.000 r  
    E3                                                0.000     0.000 r  CLK (IN)
                         net (fo=0)                   0.000     0.000    CLK
    E3                   IBUF (Prop_ibuf_I_O)         1.482     1.482 r  CLK_IBUF_inst/O
                         net (fo=1, routed)           2.025     3.506    CLK_IBUF
    BUFGCTRL_X0Y16       BUFG (Prop_bufg_I_O)         0.096     3.602 r  CLK_IBUF_BUFG_inst/O
                         net (fo=272, routed)         1.710     5.312    CLK_IBUF_BUFG
    SLICE_X3Y102         FDPE                                         r  RST_S_reg[1]/C
  -------------------------------------------------------------------    -------------------
    SLICE_X3Y102         FDPE (Prop_fdpe_C_Q)         0.456     5.768 r  RST_S_reg[1]/Q
                         net (fo=20, routed)          0.815     6.584    FSM/DATA_REG_reg[0]_0[0]
    SLICE_X2Y101         LUT1 (Prop_lut1_I0_O)        0.124     6.708 f  FSM/out[16]_i_2/O
                         net (fo=236, routed)         2.959     9.667    FSM/AR[0]
    SLICE_X6Y112         FDCE                                         f  FSM/RES_REG_reg[81]/CLR
  -------------------------------------------------------------------    -------------------

                         (clock sys_clk_pin rise edge)
                                                     10.000    10.000 r  
    E3                                                0.000    10.000 r  CLK (IN)
                         net (fo=0)                   0.000    10.000    CLK
    E3                   IBUF (Prop_ibuf_I_O)         1.411    11.411 r  CLK_IBUF_inst/O
                         net (fo=1, routed)           1.920    13.331    CLK_IBUF
    BUFGCTRL_X0Y16       BUFG (Prop_bufg_I_O)         0.091    13.422 r  CLK_IBUF_BUFG_inst/O
                         net (fo=272, routed)         1.583    15.005    FSM/CLK
    SLICE_X6Y112         FDCE                                         r  FSM/RES_REG_reg[81]/C
                         clock pessimism              0.259    15.264    
                         clock uncertainty           -0.035    15.229    
    SLICE_X6Y112         FDCE (Recov_fdce_C_CLR)     -0.319    14.910    FSM/RES_REG_reg[81]
  -------------------------------------------------------------------
                         required time                         14.910    
                         arrival time                          -9.667    
  -------------------------------------------------------------------
                         slack                                  5.243    

Slack (MET) :             5.243ns  (required time - arrival time)
  Source:                 RST_S_reg[1]/C
                            (rising edge-triggered cell FDPE clocked by sys_clk_pin  {rise@0.000ns fall@5.000ns period=10.000ns})
  Destination:            FSM/RES_REG_reg[82]/CLR
                            (recovery check against rising-edge clock sys_clk_pin  {rise@0.000ns fall@5.000ns period=10.000ns})
  Path Group:             **async_default**
  Path Type:              Recovery (Max at Slow Process Corner)
  Requirement:            10.000ns  (sys_clk_pin rise@10.000ns - sys_clk_pin rise@0.000ns)
  Data Path Delay:        4.355ns  (logic 0.580ns (13.320%)  route 3.775ns (86.680%))
  Logic Levels:           1  (LUT1=1)
  Clock Path Skew:        -0.048ns (DCD - SCD + CPR)
    Destination Clock Delay (DCD):    5.005ns = ( 15.005 - 10.000 ) 
    Source Clock Delay      (SCD):    5.312ns
    Clock Pessimism Removal (CPR):    0.259ns
  Clock Uncertainty:      0.035ns  ((TSJ^2 + TIJ^2)^1/2 + DJ) / 2 + PE
    Total System Jitter     (TSJ):    0.071ns
    Total Input Jitter      (TIJ):    0.000ns
    Discrete Jitter          (DJ):    0.000ns
    Phase Error              (PE):    0.000ns

    Location             Delay type                Incr(ns)  Path(ns)    Netlist Resource(s)
  -------------------------------------------------------------------    -------------------
                         (clock sys_clk_pin rise edge)
                                                      0.000     0.000 r  
    E3                                                0.000     0.000 r  CLK (IN)
                         net (fo=0)                   0.000     0.000    CLK
    E3                   IBUF (Prop_ibuf_I_O)         1.482     1.482 r  CLK_IBUF_inst/O
                         net (fo=1, routed)           2.025     3.506    CLK_IBUF
    BUFGCTRL_X0Y16       BUFG (Prop_bufg_I_O)         0.096     3.602 r  CLK_IBUF_BUFG_inst/O
                         net (fo=272, routed)         1.710     5.312    CLK_IBUF_BUFG
    SLICE_X3Y102         FDPE                                         r  RST_S_reg[1]/C
  -------------------------------------------------------------------    -------------------
    SLICE_X3Y102         FDPE (Prop_fdpe_C_Q)         0.456     5.768 r  RST_S_reg[1]/Q
                         net (fo=20, routed)          0.815     6.584    FSM/DATA_REG_reg[0]_0[0]
    SLICE_X2Y101         LUT1 (Prop_lut1_I0_O)        0.124     6.708 f  FSM/out[16]_i_2/O
                         net (fo=236, routed)         2.959     9.667    FSM/AR[0]
    SLICE_X6Y112         FDCE                                         f  FSM/RES_REG_reg[82]/CLR
  -------------------------------------------------------------------    -------------------

                         (clock sys_clk_pin rise edge)
                                                     10.000    10.000 r  
    E3                                                0.000    10.000 r  CLK (IN)
                         net (fo=0)                   0.000    10.000    CLK
    E3                   IBUF (Prop_ibuf_I_O)         1.411    11.411 r  CLK_IBUF_inst/O
                         net (fo=1, routed)           1.920    13.331    CLK_IBUF
    BUFGCTRL_X0Y16       BUFG (Prop_bufg_I_O)         0.091    13.422 r  CLK_IBUF_BUFG_inst/O
                         net (fo=272, routed)         1.583    15.005    FSM/CLK
    SLICE_X6Y112         FDCE                                         r  FSM/RES_REG_reg[82]/C
                         clock pessimism              0.259    15.264    
                         clock uncertainty           -0.035    15.229    
    SLICE_X6Y112         FDCE (Recov_fdce_C_CLR)     -0.319    14.910    FSM/RES_REG_reg[82]
  -------------------------------------------------------------------
                         required time                         14.910    
                         arrival time                          -9.667    
  -------------------------------------------------------------------
                         slack                                  5.243    





Min Delay Paths
--------------------------------------------------------------------------------------
Slack (MET) :             0.560ns  (arrival time - required time)
  Source:                 RST_S_reg[1]/C
                            (rising edge-triggered cell FDPE clocked by sys_clk_pin  {rise@0.000ns fall@5.000ns period=10.000ns})
  Destination:            CLK_DIV/cntr/out_reg[0]/CLR
                            (removal check against rising-edge clock sys_clk_pin  {rise@0.000ns fall@5.000ns period=10.000ns})
  Path Group:             **async_default**
  Path Type:              Removal (Min at Fast Process Corner)
  Requirement:            0.000ns  (sys_clk_pin rise@0.000ns - sys_clk_pin rise@0.000ns)
  Data Path Delay:        0.747ns  (logic 0.186ns (24.891%)  route 0.561ns (75.109%))
  Logic Levels:           1  (LUT1=1)
  Clock Path Skew:        0.279ns (DCD - SCD - CPR)
    Destination Clock Delay (DCD):    2.043ns
    Source Clock Delay      (SCD):    1.518ns
    Clock Pessimism Removal (CPR):    0.245ns

    Location             Delay type                Incr(ns)  Path(ns)    Netlist Resource(s)
  -------------------------------------------------------------------    -------------------
                         (clock sys_clk_pin rise edge)
                                                      0.000     0.000 r  
    E3                                                0.000     0.000 r  CLK (IN)
                         net (fo=0)                   0.000     0.000    CLK
    E3                   IBUF (Prop_ibuf_I_O)         0.250     0.250 r  CLK_IBUF_inst/O
                         net (fo=1, routed)           0.644     0.894    CLK_IBUF
    BUFGCTRL_X0Y16       BUFG (Prop_bufg_I_O)         0.026     0.920 r  CLK_IBUF_BUFG_inst/O
                         net (fo=272, routed)         0.599     1.518    CLK_IBUF_BUFG
    SLICE_X3Y102         FDPE                                         r  RST_S_reg[1]/C
  -------------------------------------------------------------------    -------------------
    SLICE_X3Y102         FDPE (Prop_fdpe_C_Q)         0.141     1.659 r  RST_S_reg[1]/Q
                         net (fo=20, routed)          0.296     1.956    FSM/DATA_REG_reg[0]_0[0]
    SLICE_X2Y101         LUT1 (Prop_lut1_I0_O)        0.045     2.001 f  FSM/out[16]_i_2/O
                         net (fo=236, routed)         0.265     2.266    CLK_DIV/cntr/AR[0]
    SLICE_X1Y97          FDCE                                         f  CLK_DIV/cntr/out_reg[0]/CLR
  -------------------------------------------------------------------    -------------------

                         (clock sys_clk_pin rise edge)
                                                      0.000     0.000 r  
    E3                                                0.000     0.000 r  CLK (IN)
                         net (fo=0)                   0.000     0.000    CLK
    E3                   IBUF (Prop_ibuf_I_O)         0.438     0.438 r  CLK_IBUF_inst/O
                         net (fo=1, routed)           0.699     1.136    CLK_IBUF
    BUFGCTRL_X0Y16       BUFG (Prop_bufg_I_O)         0.029     1.165 r  CLK_IBUF_BUFG_inst/O
                         net (fo=272, routed)         0.878     2.043    CLK_DIV/cntr/CLK
    SLICE_X1Y97          FDCE                                         r  CLK_DIV/cntr/out_reg[0]/C
                         clock pessimism             -0.245     1.797    
    SLICE_X1Y97          FDCE (Remov_fdce_C_CLR)     -0.092     1.705    CLK_DIV/cntr/out_reg[0]
  -------------------------------------------------------------------
                         required time                         -1.705    
                         arrival time                           2.266    
  -------------------------------------------------------------------
                         slack                                  0.560    

Slack (MET) :             0.560ns  (arrival time - required time)
  Source:                 RST_S_reg[1]/C
                            (rising edge-triggered cell FDPE clocked by sys_clk_pin  {rise@0.000ns fall@5.000ns period=10.000ns})
  Destination:            CLK_DIV/cntr/out_reg[1]/CLR
                            (removal check against rising-edge clock sys_clk_pin  {rise@0.000ns fall@5.000ns period=10.000ns})
  Path Group:             **async_default**
  Path Type:              Removal (Min at Fast Process Corner)
  Requirement:            0.000ns  (sys_clk_pin rise@0.000ns - sys_clk_pin rise@0.000ns)
  Data Path Delay:        0.747ns  (logic 0.186ns (24.891%)  route 0.561ns (75.109%))
  Logic Levels:           1  (LUT1=1)
  Clock Path Skew:        0.279ns (DCD - SCD - CPR)
    Destination Clock Delay (DCD):    2.043ns
    Source Clock Delay      (SCD):    1.518ns
    Clock Pessimism Removal (CPR):    0.245ns

    Location             Delay type                Incr(ns)  Path(ns)    Netlist Resource(s)
  -------------------------------------------------------------------    -------------------
                         (clock sys_clk_pin rise edge)
                                                      0.000     0.000 r  
    E3                                                0.000     0.000 r  CLK (IN)
                         net (fo=0)                   0.000     0.000    CLK
    E3                   IBUF (Prop_ibuf_I_O)         0.250     0.250 r  CLK_IBUF_inst/O
                         net (fo=1, routed)           0.644     0.894    CLK_IBUF
    BUFGCTRL_X0Y16       BUFG (Prop_bufg_I_O)         0.026     0.920 r  CLK_IBUF_BUFG_inst/O
                         net (fo=272, routed)         0.599     1.518    CLK_IBUF_BUFG
    SLICE_X3Y102         FDPE                                         r  RST_S_reg[1]/C
  -------------------------------------------------------------------    -------------------
    SLICE_X3Y102         FDPE (Prop_fdpe_C_Q)         0.141     1.659 r  RST_S_reg[1]/Q
                         net (fo=20, routed)          0.296     1.956    FSM/DATA_REG_reg[0]_0[0]
    SLICE_X2Y101         LUT1 (Prop_lut1_I0_O)        0.045     2.001 f  FSM/out[16]_i_2/O
                         net (fo=236, routed)         0.265     2.266    CLK_DIV/cntr/AR[0]
    SLICE_X1Y97          FDCE                                         f  CLK_DIV/cntr/out_reg[1]/CLR
  -------------------------------------------------------------------    -------------------

                         (clock sys_clk_pin rise edge)
                                                      0.000     0.000 r  
    E3                                                0.000     0.000 r  CLK (IN)
                         net (fo=0)                   0.000     0.000    CLK
    E3                   IBUF (Prop_ibuf_I_O)         0.438     0.438 r  CLK_IBUF_inst/O
                         net (fo=1, routed)           0.699     1.136    CLK_IBUF
    BUFGCTRL_X0Y16       BUFG (Prop_bufg_I_O)         0.029     1.165 r  CLK_IBUF_BUFG_inst/O
                         net (fo=272, routed)         0.878     2.043    CLK_DIV/cntr/CLK
    SLICE_X1Y97          FDCE                                         r  CLK_DIV/cntr/out_reg[1]/C
                         clock pessimism             -0.245     1.797    
    SLICE_X1Y97          FDCE (Remov_fdce_C_CLR)     -0.092     1.705    CLK_DIV/cntr/out_reg[1]
  -------------------------------------------------------------------
                         required time                         -1.705    
                         arrival time                           2.266    
  -------------------------------------------------------------------
                         slack                                  0.560    

Slack (MET) :             0.560ns  (arrival time - required time)
  Source:                 RST_S_reg[1]/C
                            (rising edge-triggered cell FDPE clocked by sys_clk_pin  {rise@0.000ns fall@5.000ns period=10.000ns})
  Destination:            CLK_DIV/cntr/out_reg[2]/CLR
                            (removal check against rising-edge clock sys_clk_pin  {rise@0.000ns fall@5.000ns period=10.000ns})
  Path Group:             **async_default**
  Path Type:              Removal (Min at Fast Process Corner)
  Requirement:            0.000ns  (sys_clk_pin rise@0.000ns - sys_clk_pin rise@0.000ns)
  Data Path Delay:        0.747ns  (logic 0.186ns (24.891%)  route 0.561ns (75.109%))
  Logic Levels:           1  (LUT1=1)
  Clock Path Skew:        0.279ns (DCD - SCD - CPR)
    Destination Clock Delay (DCD):    2.043ns
    Source Clock Delay      (SCD):    1.518ns
    Clock Pessimism Removal (CPR):    0.245ns

    Location             Delay type                Incr(ns)  Path(ns)    Netlist Resource(s)
  -------------------------------------------------------------------    -------------------
                         (clock sys_clk_pin rise edge)
                                                      0.000     0.000 r  
    E3                                                0.000     0.000 r  CLK (IN)
                         net (fo=0)                   0.000     0.000    CLK
    E3                   IBUF (Prop_ibuf_I_O)         0.250     0.250 r  CLK_IBUF_inst/O
                         net (fo=1, routed)           0.644     0.894    CLK_IBUF
    BUFGCTRL_X0Y16       BUFG (Prop_bufg_I_O)         0.026     0.920 r  CLK_IBUF_BUFG_inst/O
                         net (fo=272, routed)         0.599     1.518    CLK_IBUF_BUFG
    SLICE_X3Y102         FDPE                                         r  RST_S_reg[1]/C
  -------------------------------------------------------------------    -------------------
    SLICE_X3Y102         FDPE (Prop_fdpe_C_Q)         0.141     1.659 r  RST_S_reg[1]/Q
                         net (fo=20, routed)          0.296     1.956    FSM/DATA_REG_reg[0]_0[0]
    SLICE_X2Y101         LUT1 (Prop_lut1_I0_O)        0.045     2.001 f  FSM/out[16]_i_2/O
                         net (fo=236, routed)         0.265     2.266    CLK_DIV/cntr/AR[0]
    SLICE_X1Y97          FDCE                                         f  CLK_DIV/cntr/out_reg[2]/CLR
  -------------------------------------------------------------------    -------------------

                         (clock sys_clk_pin rise edge)
                                                      0.000     0.000 r  
    E3                                                0.000     0.000 r  CLK (IN)
                         net (fo=0)                   0.000     0.000    CLK
    E3                   IBUF (Prop_ibuf_I_O)         0.438     0.438 r  CLK_IBUF_inst/O
                         net (fo=1, routed)           0.699     1.136    CLK_IBUF
    BUFGCTRL_X0Y16       BUFG (Prop_bufg_I_O)         0.029     1.165 r  CLK_IBUF_BUFG_inst/O
                         net (fo=272, routed)         0.878     2.043    CLK_DIV/cntr/CLK
    SLICE_X1Y97          FDCE                                         r  CLK_DIV/cntr/out_reg[2]/C
                         clock pessimism             -0.245     1.797    
    SLICE_X1Y97          FDCE (Remov_fdce_C_CLR)     -0.092     1.705    CLK_DIV/cntr/out_reg[2]
  -------------------------------------------------------------------
                         required time                         -1.705    
                         arrival time                           2.266    
  -------------------------------------------------------------------
                         slack                                  0.560    

Slack (MET) :             0.560ns  (arrival time - required time)
  Source:                 RST_S_reg[1]/C
                            (rising edge-triggered cell FDPE clocked by sys_clk_pin  {rise@0.000ns fall@5.000ns period=10.000ns})
  Destination:            CLK_DIV/cntr/out_reg[3]/CLR
                            (removal check against rising-edge clock sys_clk_pin  {rise@0.000ns fall@5.000ns period=10.000ns})
  Path Group:             **async_default**
  Path Type:              Removal (Min at Fast Process Corner)
  Requirement:            0.000ns  (sys_clk_pin rise@0.000ns - sys_clk_pin rise@0.000ns)
  Data Path Delay:        0.747ns  (logic 0.186ns (24.891%)  route 0.561ns (75.109%))
  Logic Levels:           1  (LUT1=1)
  Clock Path Skew:        0.279ns (DCD - SCD - CPR)
    Destination Clock Delay (DCD):    2.043ns
    Source Clock Delay      (SCD):    1.518ns
    Clock Pessimism Removal (CPR):    0.245ns

    Location             Delay type                Incr(ns)  Path(ns)    Netlist Resource(s)
  -------------------------------------------------------------------    -------------------
                         (clock sys_clk_pin rise edge)
                                                      0.000     0.000 r  
    E3                                                0.000     0.000 r  CLK (IN)
                         net (fo=0)                   0.000     0.000    CLK
    E3                   IBUF (Prop_ibuf_I_O)         0.250     0.250 r  CLK_IBUF_inst/O
                         net (fo=1, routed)           0.644     0.894    CLK_IBUF
    BUFGCTRL_X0Y16       BUFG (Prop_bufg_I_O)         0.026     0.920 r  CLK_IBUF_BUFG_inst/O
                         net (fo=272, routed)         0.599     1.518    CLK_IBUF_BUFG
    SLICE_X3Y102         FDPE                                         r  RST_S_reg[1]/C
  -------------------------------------------------------------------    -------------------
    SLICE_X3Y102         FDPE (Prop_fdpe_C_Q)         0.141     1.659 r  RST_S_reg[1]/Q
                         net (fo=20, routed)          0.296     1.956    FSM/DATA_REG_reg[0]_0[0]
    SLICE_X2Y101         LUT1 (Prop_lut1_I0_O)        0.045     2.001 f  FSM/out[16]_i_2/O
                         net (fo=236, routed)         0.265     2.266    CLK_DIV/cntr/AR[0]
    SLICE_X1Y97          FDCE                                         f  CLK_DIV/cntr/out_reg[3]/CLR
  -------------------------------------------------------------------    -------------------

                         (clock sys_clk_pin rise edge)
                                                      0.000     0.000 r  
    E3                                                0.000     0.000 r  CLK (IN)
                         net (fo=0)                   0.000     0.000    CLK
    E3                   IBUF (Prop_ibuf_I_O)         0.438     0.438 r  CLK_IBUF_inst/O
                         net (fo=1, routed)           0.699     1.136    CLK_IBUF
    BUFGCTRL_X0Y16       BUFG (Prop_bufg_I_O)         0.029     1.165 r  CLK_IBUF_BUFG_inst/O
                         net (fo=272, routed)         0.878     2.043    CLK_DIV/cntr/CLK
    SLICE_X1Y97          FDCE                                         r  CLK_DIV/cntr/out_reg[3]/C
                         clock pessimism             -0.245     1.797    
    SLICE_X1Y97          FDCE (Remov_fdce_C_CLR)     -0.092     1.705    CLK_DIV/cntr/out_reg[3]
  -------------------------------------------------------------------
                         required time                         -1.705    
                         arrival time                           2.266    
  -------------------------------------------------------------------
                         slack                                  0.560    

Slack (MET) :             0.596ns  (arrival time - required time)
  Source:                 RST_S_reg[1]/C
                            (rising edge-triggered cell FDPE clocked by sys_clk_pin  {rise@0.000ns fall@5.000ns period=10.000ns})
  Destination:            FSM/ADDR_reg[0]/CLR
                            (removal check against rising-edge clock sys_clk_pin  {rise@0.000ns fall@5.000ns period=10.000ns})
  Path Group:             **async_default**
  Path Type:              Removal (Min at Fast Process Corner)
  Requirement:            0.000ns  (sys_clk_pin rise@0.000ns - sys_clk_pin rise@0.000ns)
  Data Path Delay:        0.780ns  (logic 0.186ns (23.853%)  route 0.594ns (76.147%))
  Logic Levels:           1  (LUT1=1)
  Clock Path Skew:        0.276ns (DCD - SCD - CPR)
    Destination Clock Delay (DCD):    2.040ns
    Source Clock Delay      (SCD):    1.518ns
    Clock Pessimism Removal (CPR):    0.245ns

    Location             Delay type                Incr(ns)  Path(ns)    Netlist Resource(s)
  -------------------------------------------------------------------    -------------------
                         (clock sys_clk_pin rise edge)
                                                      0.000     0.000 r  
    E3                                                0.000     0.000 r  CLK (IN)
                         net (fo=0)                   0.000     0.000    CLK
    E3                   IBUF (Prop_ibuf_I_O)         0.250     0.250 r  CLK_IBUF_inst/O
                         net (fo=1, routed)           0.644     0.894    CLK_IBUF
    BUFGCTRL_X0Y16       BUFG (Prop_bufg_I_O)         0.026     0.920 r  CLK_IBUF_BUFG_inst/O
                         net (fo=272, routed)         0.599     1.518    CLK_IBUF_BUFG
    SLICE_X3Y102         FDPE                                         r  RST_S_reg[1]/C
  -------------------------------------------------------------------    -------------------
    SLICE_X3Y102         FDPE (Prop_fdpe_C_Q)         0.141     1.659 r  RST_S_reg[1]/Q
                         net (fo=20, routed)          0.296     1.956    FSM/DATA_REG_reg[0]_0[0]
    SLICE_X2Y101         LUT1 (Prop_lut1_I0_O)        0.045     2.001 f  FSM/out[16]_i_2/O
                         net (fo=236, routed)         0.298     2.298    FSM/AR[0]
    SLICE_X5Y98          FDCE                                         f  FSM/ADDR_reg[0]/CLR
  -------------------------------------------------------------------    -------------------

                         (clock sys_clk_pin rise edge)
                                                      0.000     0.000 r  
    E3                                                0.000     0.000 r  CLK (IN)
                         net (fo=0)                   0.000     0.000    CLK
    E3                   IBUF (Prop_ibuf_I_O)         0.438     0.438 r  CLK_IBUF_inst/O
                         net (fo=1, routed)           0.699     1.136    CLK_IBUF
    BUFGCTRL_X0Y16       BUFG (Prop_bufg_I_O)         0.029     1.165 r  CLK_IBUF_BUFG_inst/O
                         net (fo=272, routed)         0.875     2.040    FSM/CLK
    SLICE_X5Y98          FDCE                                         r  FSM/ADDR_reg[0]/C
                         clock pessimism             -0.245     1.794    
    SLICE_X5Y98          FDCE (Remov_fdce_C_CLR)     -0.092     1.702    FSM/ADDR_reg[0]
  -------------------------------------------------------------------
                         required time                         -1.702    
                         arrival time                           2.298    
  -------------------------------------------------------------------
                         slack                                  0.596    

Slack (MET) :             0.596ns  (arrival time - required time)
  Source:                 RST_S_reg[1]/C
                            (rising edge-triggered cell FDPE clocked by sys_clk_pin  {rise@0.000ns fall@5.000ns period=10.000ns})
  Destination:            FSM/ADDR_reg[2]/CLR
                            (removal check against rising-edge clock sys_clk_pin  {rise@0.000ns fall@5.000ns period=10.000ns})
  Path Group:             **async_default**
  Path Type:              Removal (Min at Fast Process Corner)
  Requirement:            0.000ns  (sys_clk_pin rise@0.000ns - sys_clk_pin rise@0.000ns)
  Data Path Delay:        0.780ns  (logic 0.186ns (23.853%)  route 0.594ns (76.147%))
  Logic Levels:           1  (LUT1=1)
  Clock Path Skew:        0.276ns (DCD - SCD - CPR)
    Destination Clock Delay (DCD):    2.040ns
    Source Clock Delay      (SCD):    1.518ns
    Clock Pessimism Removal (CPR):    0.245ns

    Location             Delay type                Incr(ns)  Path(ns)    Netlist Resource(s)
  -------------------------------------------------------------------    -------------------
                         (clock sys_clk_pin rise edge)
                                                      0.000     0.000 r  
    E3                                                0.000     0.000 r  CLK (IN)
                         net (fo=0)                   0.000     0.000    CLK
    E3                   IBUF (Prop_ibuf_I_O)         0.250     0.250 r  CLK_IBUF_inst/O
                         net (fo=1, routed)           0.644     0.894    CLK_IBUF
    BUFGCTRL_X0Y16       BUFG (Prop_bufg_I_O)         0.026     0.920 r  CLK_IBUF_BUFG_inst/O
                         net (fo=272, routed)         0.599     1.518    CLK_IBUF_BUFG
    SLICE_X3Y102         FDPE                                         r  RST_S_reg[1]/C
  -------------------------------------------------------------------    -------------------
    SLICE_X3Y102         FDPE (Prop_fdpe_C_Q)         0.141     1.659 r  RST_S_reg[1]/Q
                         net (fo=20, routed)          0.296     1.956    FSM/DATA_REG_reg[0]_0[0]
    SLICE_X2Y101         LUT1 (Prop_lut1_I0_O)        0.045     2.001 f  FSM/out[16]_i_2/O
                         net (fo=236, routed)         0.298     2.298    FSM/AR[0]
    SLICE_X5Y98          FDCE                                         f  FSM/ADDR_reg[2]/CLR
  -------------------------------------------------------------------    -------------------

                         (clock sys_clk_pin rise edge)
                                                      0.000     0.000 r  
    E3                                                0.000     0.000 r  CLK (IN)
                         net (fo=0)                   0.000     0.000    CLK
    E3                   IBUF (Prop_ibuf_I_O)         0.438     0.438 r  CLK_IBUF_inst/O
                         net (fo=1, routed)           0.699     1.136    CLK_IBUF
    BUFGCTRL_X0Y16       BUFG (Prop_bufg_I_O)         0.029     1.165 r  CLK_IBUF_BUFG_inst/O
                         net (fo=272, routed)         0.875     2.040    FSM/CLK
    SLICE_X5Y98          FDCE                                         r  FSM/ADDR_reg[2]/C
                         clock pessimism             -0.245     1.794    
    SLICE_X5Y98          FDCE (Remov_fdce_C_CLR)     -0.092     1.702    FSM/ADDR_reg[2]
  -------------------------------------------------------------------
                         required time                         -1.702    
                         arrival time                           2.298    
  -------------------------------------------------------------------
                         slack                                  0.596    

Slack (MET) :             0.600ns  (arrival time - required time)
  Source:                 RST_S_reg[1]/C
                            (rising edge-triggered cell FDPE clocked by sys_clk_pin  {rise@0.000ns fall@5.000ns period=10.000ns})
  Destination:            CLK_DIV/cntr/out_reg[5]/CLR
                            (removal check against rising-edge clock sys_clk_pin  {rise@0.000ns fall@5.000ns period=10.000ns})
  Path Group:             **async_default**
  Path Type:              Removal (Min at Fast Process Corner)
  Requirement:            0.000ns  (sys_clk_pin rise@0.000ns - sys_clk_pin rise@0.000ns)
  Data Path Delay:        0.784ns  (logic 0.186ns (23.721%)  route 0.598ns (76.279%))
  Logic Levels:           1  (LUT1=1)
  Clock Path Skew:        0.276ns (DCD - SCD - CPR)
    Destination Clock Delay (DCD):    2.040ns
    Source Clock Delay      (SCD):    1.518ns
    Clock Pessimism Removal (CPR):    0.245ns

    Location             Delay type                Incr(ns)  Path(ns)    Netlist Resource(s)
  -------------------------------------------------------------------    -------------------
                         (clock sys_clk_pin rise edge)
                                                      0.000     0.000 r  
    E3                                                0.000     0.000 r  CLK (IN)
                         net (fo=0)                   0.000     0.000    CLK
    E3                   IBUF (Prop_ibuf_I_O)         0.250     0.250 r  CLK_IBUF_inst/O
                         net (fo=1, routed)           0.644     0.894    CLK_IBUF
    BUFGCTRL_X0Y16       BUFG (Prop_bufg_I_O)         0.026     0.920 r  CLK_IBUF_BUFG_inst/O
                         net (fo=272, routed)         0.599     1.518    CLK_IBUF_BUFG
    SLICE_X3Y102         FDPE                                         r  RST_S_reg[1]/C
  -------------------------------------------------------------------    -------------------
    SLICE_X3Y102         FDPE (Prop_fdpe_C_Q)         0.141     1.659 r  RST_S_reg[1]/Q
                         net (fo=20, routed)          0.296     1.956    FSM/DATA_REG_reg[0]_0[0]
    SLICE_X2Y101         LUT1 (Prop_lut1_I0_O)        0.045     2.001 f  FSM/out[16]_i_2/O
                         net (fo=236, routed)         0.302     2.303    CLK_DIV/cntr/AR[0]
    SLICE_X4Y98          FDCE                                         f  CLK_DIV/cntr/out_reg[5]/CLR
  -------------------------------------------------------------------    -------------------

                         (clock sys_clk_pin rise edge)
                                                      0.000     0.000 r  
    E3                                                0.000     0.000 r  CLK (IN)
                         net (fo=0)                   0.000     0.000    CLK
    E3                   IBUF (Prop_ibuf_I_O)         0.438     0.438 r  CLK_IBUF_inst/O
                         net (fo=1, routed)           0.699     1.136    CLK_IBUF
    BUFGCTRL_X0Y16       BUFG (Prop_bufg_I_O)         0.029     1.165 r  CLK_IBUF_BUFG_inst/O
                         net (fo=272, routed)         0.875     2.040    CLK_DIV/cntr/CLK
    SLICE_X4Y98          FDCE                                         r  CLK_DIV/cntr/out_reg[5]/C
                         clock pessimism             -0.245     1.794    
    SLICE_X4Y98          FDCE (Remov_fdce_C_CLR)     -0.092     1.702    CLK_DIV/cntr/out_reg[5]
  -------------------------------------------------------------------
                         required time                         -1.702    
                         arrival time                           2.303    
  -------------------------------------------------------------------
                         slack                                  0.600    

Slack (MET) :             0.600ns  (arrival time - required time)
  Source:                 RST_S_reg[1]/C
                            (rising edge-triggered cell FDPE clocked by sys_clk_pin  {rise@0.000ns fall@5.000ns period=10.000ns})
  Destination:            CLK_DIV/cntr/out_reg[6]/CLR
                            (removal check against rising-edge clock sys_clk_pin  {rise@0.000ns fall@5.000ns period=10.000ns})
  Path Group:             **async_default**
  Path Type:              Removal (Min at Fast Process Corner)
  Requirement:            0.000ns  (sys_clk_pin rise@0.000ns - sys_clk_pin rise@0.000ns)
  Data Path Delay:        0.784ns  (logic 0.186ns (23.721%)  route 0.598ns (76.279%))
  Logic Levels:           1  (LUT1=1)
  Clock Path Skew:        0.276ns (DCD - SCD - CPR)
    Destination Clock Delay (DCD):    2.040ns
    Source Clock Delay      (SCD):    1.518ns
    Clock Pessimism Removal (CPR):    0.245ns

    Location             Delay type                Incr(ns)  Path(ns)    Netlist Resource(s)
  -------------------------------------------------------------------    -------------------
                         (clock sys_clk_pin rise edge)
                                                      0.000     0.000 r  
    E3                                                0.000     0.000 r  CLK (IN)
                         net (fo=0)                   0.000     0.000    CLK
    E3                   IBUF (Prop_ibuf_I_O)         0.250     0.250 r  CLK_IBUF_inst/O
                         net (fo=1, routed)           0.644     0.894    CLK_IBUF
    BUFGCTRL_X0Y16       BUFG (Prop_bufg_I_O)         0.026     0.920 r  CLK_IBUF_BUFG_inst/O
                         net (fo=272, routed)         0.599     1.518    CLK_IBUF_BUFG
    SLICE_X3Y102         FDPE                                         r  RST_S_reg[1]/C
  -------------------------------------------------------------------    -------------------
    SLICE_X3Y102         FDPE (Prop_fdpe_C_Q)         0.141     1.659 r  RST_S_reg[1]/Q
                         net (fo=20, routed)          0.296     1.956    FSM/DATA_REG_reg[0]_0[0]
    SLICE_X2Y101         LUT1 (Prop_lut1_I0_O)        0.045     2.001 f  FSM/out[16]_i_2/O
                         net (fo=236, routed)         0.302     2.303    CLK_DIV/cntr/AR[0]
    SLICE_X4Y98          FDCE                                         f  CLK_DIV/cntr/out_reg[6]/CLR
  -------------------------------------------------------------------    -------------------

                         (clock sys_clk_pin rise edge)
                                                      0.000     0.000 r  
    E3                                                0.000     0.000 r  CLK (IN)
                         net (fo=0)                   0.000     0.000    CLK
    E3                   IBUF (Prop_ibuf_I_O)         0.438     0.438 r  CLK_IBUF_inst/O
                         net (fo=1, routed)           0.699     1.136    CLK_IBUF
    BUFGCTRL_X0Y16       BUFG (Prop_bufg_I_O)         0.029     1.165 r  CLK_IBUF_BUFG_inst/O
                         net (fo=272, routed)         0.875     2.040    CLK_DIV/cntr/CLK
    SLICE_X4Y98          FDCE                                         r  CLK_DIV/cntr/out_reg[6]/C
                         clock pessimism             -0.245     1.794    
    SLICE_X4Y98          FDCE (Remov_fdce_C_CLR)     -0.092     1.702    CLK_DIV/cntr/out_reg[6]
  -------------------------------------------------------------------
                         required time                         -1.702    
                         arrival time                           2.303    
  -------------------------------------------------------------------
                         slack                                  0.600    

Slack (MET) :             0.600ns  (arrival time - required time)
  Source:                 RST_S_reg[1]/C
                            (rising edge-triggered cell FDPE clocked by sys_clk_pin  {rise@0.000ns fall@5.000ns period=10.000ns})
  Destination:            CLK_DIV/cntr/out_reg[7]/CLR
                            (removal check against rising-edge clock sys_clk_pin  {rise@0.000ns fall@5.000ns period=10.000ns})
  Path Group:             **async_default**
  Path Type:              Removal (Min at Fast Process Corner)
  Requirement:            0.000ns  (sys_clk_pin rise@0.000ns - sys_clk_pin rise@0.000ns)
  Data Path Delay:        0.784ns  (logic 0.186ns (23.721%)  route 0.598ns (76.279%))
  Logic Levels:           1  (LUT1=1)
  Clock Path Skew:        0.276ns (DCD - SCD - CPR)
    Destination Clock Delay (DCD):    2.040ns
    Source Clock Delay      (SCD):    1.518ns
    Clock Pessimism Removal (CPR):    0.245ns

    Location             Delay type                Incr(ns)  Path(ns)    Netlist Resource(s)
  -------------------------------------------------------------------    -------------------
                         (clock sys_clk_pin rise edge)
                                                      0.000     0.000 r  
    E3                                                0.000     0.000 r  CLK (IN)
                         net (fo=0)                   0.000     0.000    CLK
    E3                   IBUF (Prop_ibuf_I_O)         0.250     0.250 r  CLK_IBUF_inst/O
                         net (fo=1, routed)           0.644     0.894    CLK_IBUF
    BUFGCTRL_X0Y16       BUFG (Prop_bufg_I_O)         0.026     0.920 r  CLK_IBUF_BUFG_inst/O
                         net (fo=272, routed)         0.599     1.518    CLK_IBUF_BUFG
    SLICE_X3Y102         FDPE                                         r  RST_S_reg[1]/C
  -------------------------------------------------------------------    -------------------
    SLICE_X3Y102         FDPE (Prop_fdpe_C_Q)         0.141     1.659 r  RST_S_reg[1]/Q
                         net (fo=20, routed)          0.296     1.956    FSM/DATA_REG_reg[0]_0[0]
    SLICE_X2Y101         LUT1 (Prop_lut1_I0_O)        0.045     2.001 f  FSM/out[16]_i_2/O
                         net (fo=236, routed)         0.302     2.303    CLK_DIV/cntr/AR[0]
    SLICE_X4Y98          FDCE                                         f  CLK_DIV/cntr/out_reg[7]/CLR
  -------------------------------------------------------------------    -------------------

                         (clock sys_clk_pin rise edge)
                                                      0.000     0.000 r  
    E3                                                0.000     0.000 r  CLK (IN)
                         net (fo=0)                   0.000     0.000    CLK
    E3                   IBUF (Prop_ibuf_I_O)         0.438     0.438 r  CLK_IBUF_inst/O
                         net (fo=1, routed)           0.699     1.136    CLK_IBUF
    BUFGCTRL_X0Y16       BUFG (Prop_bufg_I_O)         0.029     1.165 r  CLK_IBUF_BUFG_inst/O
                         net (fo=272, routed)         0.875     2.040    CLK_DIV/cntr/CLK
    SLICE_X4Y98          FDCE                                         r  CLK_DIV/cntr/out_reg[7]/C
                         clock pessimism             -0.245     1.794    
    SLICE_X4Y98          FDCE (Remov_fdce_C_CLR)     -0.092     1.702    CLK_DIV/cntr/out_reg[7]
  -------------------------------------------------------------------
                         required time                         -1.702    
                         arrival time                           2.303    
  -------------------------------------------------------------------
                         slack                                  0.600    

Slack (MET) :             0.600ns  (arrival time - required time)
  Source:                 RST_S_reg[1]/C
                            (rising edge-triggered cell FDPE clocked by sys_clk_pin  {rise@0.000ns fall@5.000ns period=10.000ns})
  Destination:            CLK_DIV/cntr/out_reg[8]/CLR
                            (removal check against rising-edge clock sys_clk_pin  {rise@0.000ns fall@5.000ns period=10.000ns})
  Path Group:             **async_default**
  Path Type:              Removal (Min at Fast Process Corner)
  Requirement:            0.000ns  (sys_clk_pin rise@0.000ns - sys_clk_pin rise@0.000ns)
  Data Path Delay:        0.784ns  (logic 0.186ns (23.721%)  route 0.598ns (76.279%))
  Logic Levels:           1  (LUT1=1)
  Clock Path Skew:        0.276ns (DCD - SCD - CPR)
    Destination Clock Delay (DCD):    2.040ns
    Source Clock Delay      (SCD):    1.518ns
    Clock Pessimism Removal (CPR):    0.245ns

    Location             Delay type                Incr(ns)  Path(ns)    Netlist Resource(s)
  -------------------------------------------------------------------    -------------------
                         (clock sys_clk_pin rise edge)
                                                      0.000     0.000 r  
    E3                                                0.000     0.000 r  CLK (IN)
                         net (fo=0)                   0.000     0.000    CLK
    E3                   IBUF (Prop_ibuf_I_O)         0.250     0.250 r  CLK_IBUF_inst/O
                         net (fo=1, routed)           0.644     0.894    CLK_IBUF
    BUFGCTRL_X0Y16       BUFG (Prop_bufg_I_O)         0.026     0.920 r  CLK_IBUF_BUFG_inst/O
                         net (fo=272, routed)         0.599     1.518    CLK_IBUF_BUFG
    SLICE_X3Y102         FDPE                                         r  RST_S_reg[1]/C
  -------------------------------------------------------------------    -------------------
    SLICE_X3Y102         FDPE (Prop_fdpe_C_Q)         0.141     1.659 r  RST_S_reg[1]/Q
                         net (fo=20, routed)          0.296     1.956    FSM/DATA_REG_reg[0]_0[0]
    SLICE_X2Y101         LUT1 (Prop_lut1_I0_O)        0.045     2.001 f  FSM/out[16]_i_2/O
                         net (fo=236, routed)         0.302     2.303    CLK_DIV/cntr/AR[0]
    SLICE_X4Y98          FDCE                                         f  CLK_DIV/cntr/out_reg[8]/CLR
  -------------------------------------------------------------------    -------------------

                         (clock sys_clk_pin rise edge)
                                                      0.000     0.000 r  
    E3                                                0.000     0.000 r  CLK (IN)
                         net (fo=0)                   0.000     0.000    CLK
    E3                   IBUF (Prop_ibuf_I_O)         0.438     0.438 r  CLK_IBUF_inst/O
                         net (fo=1, routed)           0.699     1.136    CLK_IBUF
    BUFGCTRL_X0Y16       BUFG (Prop_bufg_I_O)         0.029     1.165 r  CLK_IBUF_BUFG_inst/O
                         net (fo=272, routed)         0.875     2.040    CLK_DIV/cntr/CLK
    SLICE_X4Y98          FDCE                                         r  CLK_DIV/cntr/out_reg[8]/C
                         clock pessimism             -0.245     1.794    
    SLICE_X4Y98          FDCE (Remov_fdce_C_CLR)     -0.092     1.702    CLK_DIV/cntr/out_reg[8]
  -------------------------------------------------------------------
                         required time                         -1.702    
                         arrival time                           2.303    
  -------------------------------------------------------------------
                         slack                                  0.600    





--------------------------------------------------------------------------------------
Path Group:  (none)
From Clock:  sys_clk_pin
  To Clock:  

Max Delay             1 Endpoint
Min Delay             1 Endpoint
--------------------------------------------------------------------------------------


Max Delay Paths
--------------------------------------------------------------------------------------
Slack:                    inf
  Source:                 DMI_UART/TXD_reg/C
                            (rising edge-triggered cell FDPE clocked by sys_clk_pin  {rise@0.000ns fall@5.000ns period=10.000ns})
  Destination:            UART_TXD
                            (output port)
  Path Group:             (none)
  Path Type:              Max at Slow Process Corner
  Data Path Delay:        8.089ns  (logic 3.667ns (45.338%)  route 4.422ns (54.662%))
  Logic Levels:           1  (OBUF=1)
  Clock Uncertainty:      0.025ns  ((TSJ^2 + TIJ^2)^1/2 + DJ) / 2 + PE
    Total System Jitter     (TSJ):    0.050ns
    Total Input Jitter      (TIJ):    0.000ns
    Discrete Jitter          (DJ):    0.000ns
    Phase Error              (PE):    0.000ns

    Location             Delay type                Incr(ns)  Path(ns)    Netlist Resource(s)
  -------------------------------------------------------------------    -------------------
                         (clock sys_clk_pin rise edge)
                                                      0.000     0.000 r  
    E3                                                0.000     0.000 r  CLK (IN)
                         net (fo=0)                   0.000     0.000    CLK
    E3                   IBUF (Prop_ibuf_I_O)         1.482     1.482 r  CLK_IBUF_inst/O
                         net (fo=1, routed)           2.025     3.506    CLK_IBUF
    BUFGCTRL_X0Y16       BUFG (Prop_bufg_I_O)         0.096     3.602 r  CLK_IBUF_BUFG_inst/O
                         net (fo=272, routed)         1.631     5.233    DMI_UART/CLK
    SLICE_X11Y103        FDPE                                         r  DMI_UART/TXD_reg/C
  -------------------------------------------------------------------    -------------------
    SLICE_X11Y103        FDPE (Prop_fdpe_C_Q)         0.456     5.689 r  DMI_UART/TXD_reg/Q
                         net (fo=1, routed)           4.422    10.111    UART_TXD_OBUF
    D4                   OBUF (Prop_obuf_I_O)         3.211    13.322 r  UART_TXD_OBUF_inst/O
                         net (fo=0)                   0.000    13.322    UART_TXD
    D4                                                                r  UART_TXD (OUT)
  -------------------------------------------------------------------    -------------------





Min Delay Paths
--------------------------------------------------------------------------------------
Slack:                    inf
  Source:                 DMI_UART/TXD_reg/C
                            (rising edge-triggered cell FDPE clocked by sys_clk_pin  {rise@0.000ns fall@5.000ns period=10.000ns})
  Destination:            UART_TXD
                            (output port)
  Path Group:             (none)
  Path Type:              Min at Fast Process Corner
  Data Path Delay:        3.163ns  (logic 1.516ns (47.920%)  route 1.648ns (52.080%))
  Logic Levels:           1  (OBUF=1)
  Clock Uncertainty:      0.025ns  ((TSJ^2 + TIJ^2)^1/2 + DJ) / 2 + PE
    Total System Jitter     (TSJ):    0.050ns
    Total Input Jitter      (TIJ):    0.000ns
    Discrete Jitter          (DJ):    0.000ns
    Phase Error              (PE):    0.000ns

    Location             Delay type                Incr(ns)  Path(ns)    Netlist Resource(s)
  -------------------------------------------------------------------    -------------------
                         (clock sys_clk_pin rise edge)
                                                      0.000     0.000 r  
    E3                                                0.000     0.000 r  CLK (IN)
                         net (fo=0)                   0.000     0.000    CLK
    E3                   IBUF (Prop_ibuf_I_O)         0.250     0.250 r  CLK_IBUF_inst/O
                         net (fo=1, routed)           0.644     0.894    CLK_IBUF
    BUFGCTRL_X0Y16       BUFG (Prop_bufg_I_O)         0.026     0.920 r  CLK_IBUF_BUFG_inst/O
                         net (fo=272, routed)         0.569     1.488    DMI_UART/CLK
    SLICE_X11Y103        FDPE                                         r  DMI_UART/TXD_reg/C
  -------------------------------------------------------------------    -------------------
    SLICE_X11Y103        FDPE (Prop_fdpe_C_Q)         0.141     1.629 r  DMI_UART/TXD_reg/Q
                         net (fo=1, routed)           1.648     3.277    UART_TXD_OBUF
    D4                   OBUF (Prop_obuf_I_O)         1.375     4.652 r  UART_TXD_OBUF_inst/O
                         net (fo=0)                   0.000     4.652    UART_TXD
    D4                                                                r  UART_TXD (OUT)
  -------------------------------------------------------------------    -------------------





--------------------------------------------------------------------------------------
Path Group:  (none)
From Clock:  
  To Clock:  sys_clk_pin

Max Delay             5 Endpoints
Min Delay             5 Endpoints
--------------------------------------------------------------------------------------


Max Delay Paths
--------------------------------------------------------------------------------------
Slack:                    inf
  Source:                 UART_RXD
                            (input port)
  Destination:            DMI_UART/RXD_SYNC_reg[0]/D
                            (rising edge-triggered cell FDPE clocked by sys_clk_pin  {rise@0.000ns fall@5.000ns period=10.000ns})
  Path Group:             (none)
  Path Type:              Setup (Max at Slow Process Corner)
  Data Path Delay:        6.030ns  (logic 1.490ns (24.703%)  route 4.541ns (75.297%))
  Logic Levels:           1  (IBUF=1)
  Clock Path Skew:        4.948ns (DCD - SCD + CPR)
    Destination Clock Delay (DCD):    4.948ns
    Source Clock Delay      (SCD):    0.000ns
    Clock Pessimism Removal (CPR):    0.000ns
  Clock Uncertainty:      0.025ns  ((TSJ^2 + TIJ^2)^1/2 + DJ) / 2 + PE
    Total System Jitter     (TSJ):    0.050ns
    Total Input Jitter      (TIJ):    0.000ns
    Discrete Jitter          (DJ):    0.000ns
    Phase Error              (PE):    0.000ns

    Location             Delay type                Incr(ns)  Path(ns)    Netlist Resource(s)
  -------------------------------------------------------------------    -------------------
    C4                                                0.000     0.000 r  UART_RXD (IN)
                         net (fo=0)                   0.000     0.000    UART_RXD
    C4                   IBUF (Prop_ibuf_I_O)         1.490     1.490 r  UART_RXD_IBUF_inst/O
                         net (fo=1, routed)           4.541     6.030    DMI_UART/RXD_SYNC_reg[0]_0[0]
    SLICE_X13Y98         FDPE                                         r  DMI_UART/RXD_SYNC_reg[0]/D
  -------------------------------------------------------------------    -------------------

                         (clock sys_clk_pin rise edge)
                                                      0.000     0.000 r  
    E3                                                0.000     0.000 r  CLK (IN)
                         net (fo=0)                   0.000     0.000    CLK
    E3                   IBUF (Prop_ibuf_I_O)         1.411     1.411 r  CLK_IBUF_inst/O
                         net (fo=1, routed)           1.920     3.331    CLK_IBUF
    BUFGCTRL_X0Y16       BUFG (Prop_bufg_I_O)         0.091     3.422 r  CLK_IBUF_BUFG_inst/O
                         net (fo=272, routed)         1.525     4.948    DMI_UART/CLK
    SLICE_X13Y98         FDPE                                         r  DMI_UART/RXD_SYNC_reg[0]/C

Slack:                    inf
  Source:                 SYS_NRST
                            (input port)
  Destination:            RST_S_reg[0]/PRE
                            (recovery check against rising-edge clock sys_clk_pin  {rise@0.000ns fall@5.000ns period=10.000ns})
  Path Group:             (none)
  Path Type:              Recovery (Max at Slow Process Corner)
  Data Path Delay:        4.007ns  (logic 1.507ns (37.611%)  route 2.500ns (62.389%))
  Logic Levels:           1  (IBUF=1)
  Clock Path Skew:        5.012ns (DCD - SCD + CPR)
    Destination Clock Delay (DCD):    5.012ns
    Source Clock Delay      (SCD):    0.000ns
    Clock Pessimism Removal (CPR):    0.000ns
  Clock Uncertainty:      0.025ns  ((TSJ^2 + TIJ^2)^1/2 + DJ) / 2 + PE
    Total System Jitter     (TSJ):    0.050ns
    Total Input Jitter      (TIJ):    0.000ns
    Discrete Jitter          (DJ):    0.000ns
    Phase Error              (PE):    0.000ns

    Location             Delay type                Incr(ns)  Path(ns)    Netlist Resource(s)
  -------------------------------------------------------------------    -------------------
    C12                                               0.000     0.000 f  SYS_NRST (IN)
                         net (fo=0)                   0.000     0.000    SYS_NRST
    C12                  IBUF (Prop_ibuf_I_O)         1.507     1.507 f  SYS_NRST_IBUF_inst/O
                         net (fo=2, routed)           2.500     4.007    SYS_NRST_IBUF
    SLICE_X3Y102         FDPE                                         f  RST_S_reg[0]/PRE
  -------------------------------------------------------------------    -------------------

                         (clock sys_clk_pin rise edge)
                                                      0.000     0.000 r  
    E3                                                0.000     0.000 r  CLK (IN)
                         net (fo=0)                   0.000     0.000    CLK
    E3                   IBUF (Prop_ibuf_I_O)         1.411     1.411 r  CLK_IBUF_inst/O
                         net (fo=1, routed)           1.920     3.331    CLK_IBUF
    BUFGCTRL_X0Y16       BUFG (Prop_bufg_I_O)         0.091     3.422 r  CLK_IBUF_BUFG_inst/O
                         net (fo=272, routed)         1.590     5.012    CLK_IBUF_BUFG
    SLICE_X3Y102         FDPE                                         r  RST_S_reg[0]/C

Slack:                    inf
  Source:                 SYS_NRST
                            (input port)
  Destination:            RST_S_reg[1]/PRE
                            (recovery check against rising-edge clock sys_clk_pin  {rise@0.000ns fall@5.000ns period=10.000ns})
  Path Group:             (none)
  Path Type:              Recovery (Max at Slow Process Corner)
  Data Path Delay:        4.007ns  (logic 1.507ns (37.611%)  route 2.500ns (62.389%))
  Logic Levels:           1  (IBUF=1)
  Clock Path Skew:        5.012ns (DCD - SCD + CPR)
    Destination Clock Delay (DCD):    5.012ns
    Source Clock Delay      (SCD):    0.000ns
    Clock Pessimism Removal (CPR):    0.000ns
  Clock Uncertainty:      0.025ns  ((TSJ^2 + TIJ^2)^1/2 + DJ) / 2 + PE
    Total System Jitter     (TSJ):    0.050ns
    Total Input Jitter      (TIJ):    0.000ns
    Discrete Jitter          (DJ):    0.000ns
    Phase Error              (PE):    0.000ns

    Location             Delay type                Incr(ns)  Path(ns)    Netlist Resource(s)
  -------------------------------------------------------------------    -------------------
    C12                                               0.000     0.000 f  SYS_NRST (IN)
                         net (fo=0)                   0.000     0.000    SYS_NRST
    C12                  IBUF (Prop_ibuf_I_O)         1.507     1.507 f  SYS_NRST_IBUF_inst/O
                         net (fo=2, routed)           2.500     4.007    SYS_NRST_IBUF
    SLICE_X3Y102         FDPE                                         f  RST_S_reg[1]/PRE
  -------------------------------------------------------------------    -------------------

                         (clock sys_clk_pin rise edge)
                                                      0.000     0.000 r  
    E3                                                0.000     0.000 r  CLK (IN)
                         net (fo=0)                   0.000     0.000    CLK
    E3                   IBUF (Prop_ibuf_I_O)         1.411     1.411 r  CLK_IBUF_inst/O
                         net (fo=1, routed)           1.920     3.331    CLK_IBUF
    BUFGCTRL_X0Y16       BUFG (Prop_bufg_I_O)         0.091     3.422 r  CLK_IBUF_BUFG_inst/O
                         net (fo=272, routed)         1.590     5.012    CLK_IBUF_BUFG
    SLICE_X3Y102         FDPE                                         r  RST_S_reg[1]/C

Slack:                    inf
  Source:                 BTN_1
                            (input port)
  Destination:            BTN_FLTR_1/IN_SIGNAL_SYNC_reg[0]/D
                            (rising edge-triggered cell FDRE clocked by sys_clk_pin  {rise@0.000ns fall@5.000ns period=10.000ns})
  Path Group:             (none)
  Path Type:              Setup (Max at Slow Process Corner)
  Data Path Delay:        2.793ns  (logic 1.480ns (52.991%)  route 1.313ns (47.009%))
  Logic Levels:           1  (IBUF=1)
  Clock Path Skew:        5.028ns (DCD - SCD + CPR)
    Destination Clock Delay (DCD):    5.028ns
    Source Clock Delay      (SCD):    0.000ns
    Clock Pessimism Removal (CPR):    0.000ns
  Clock Uncertainty:      0.025ns  ((TSJ^2 + TIJ^2)^1/2 + DJ) / 2 + PE
    Total System Jitter     (TSJ):    0.050ns
    Total Input Jitter      (TIJ):    0.000ns
    Discrete Jitter          (DJ):    0.000ns
    Phase Error              (PE):    0.000ns

    Location             Delay type                Incr(ns)  Path(ns)    Netlist Resource(s)
  -------------------------------------------------------------------    -------------------
    P18                                               0.000     0.000 r  BTN_1 (IN)
                         net (fo=0)                   0.000     0.000    BTN_1
    P18                  IBUF (Prop_ibuf_I_O)         1.480     1.480 r  BTN_1_IBUF_inst/O
                         net (fo=1, routed)           1.313     2.793    BTN_FLTR_1/D[0]
    SLICE_X2Y93          FDRE                                         r  BTN_FLTR_1/IN_SIGNAL_SYNC_reg[0]/D
  -------------------------------------------------------------------    -------------------

                         (clock sys_clk_pin rise edge)
                                                      0.000     0.000 r  
    E3                                                0.000     0.000 r  CLK (IN)
                         net (fo=0)                   0.000     0.000    CLK
    E3                   IBUF (Prop_ibuf_I_O)         1.411     1.411 r  CLK_IBUF_inst/O
                         net (fo=1, routed)           1.920     3.331    CLK_IBUF
    BUFGCTRL_X0Y16       BUFG (Prop_bufg_I_O)         0.091     3.422 r  CLK_IBUF_BUFG_inst/O
                         net (fo=272, routed)         1.605     5.028    BTN_FLTR_1/CLK
    SLICE_X2Y93          FDRE                                         r  BTN_FLTR_1/IN_SIGNAL_SYNC_reg[0]/C

Slack:                    inf
  Source:                 BTN_0
                            (input port)
  Destination:            BTN_FLTR_0/IN_SIGNAL_SYNC_reg[0]/D
                            (rising edge-triggered cell FDRE clocked by sys_clk_pin  {rise@0.000ns fall@5.000ns period=10.000ns})
  Path Group:             (none)
  Path Type:              Setup (Max at Slow Process Corner)
  Data Path Delay:        2.437ns  (logic 1.486ns (60.957%)  route 0.952ns (39.043%))
  Logic Levels:           1  (IBUF=1)
  Clock Path Skew:        5.028ns (DCD - SCD + CPR)
    Destination Clock Delay (DCD):    5.028ns
    Source Clock Delay      (SCD):    0.000ns
    Clock Pessimism Removal (CPR):    0.000ns
  Clock Uncertainty:      0.025ns  ((TSJ^2 + TIJ^2)^1/2 + DJ) / 2 + PE
    Total System Jitter     (TSJ):    0.050ns
    Total Input Jitter      (TIJ):    0.000ns
    Discrete Jitter          (DJ):    0.000ns
    Phase Error              (PE):    0.000ns

    Location             Delay type                Incr(ns)  Path(ns)    Netlist Resource(s)
  -------------------------------------------------------------------    -------------------
    M18                                               0.000     0.000 r  BTN_0 (IN)
                         net (fo=0)                   0.000     0.000    BTN_0
    M18                  IBUF (Prop_ibuf_I_O)         1.486     1.486 r  BTN_0_IBUF_inst/O
                         net (fo=1, routed)           0.952     2.437    BTN_FLTR_0/D[0]
    SLICE_X3Y95          FDRE                                         r  BTN_FLTR_0/IN_SIGNAL_SYNC_reg[0]/D
  -------------------------------------------------------------------    -------------------

                         (clock sys_clk_pin rise edge)
                                                      0.000     0.000 r  
    E3                                                0.000     0.000 r  CLK (IN)
                         net (fo=0)                   0.000     0.000    CLK
    E3                   IBUF (Prop_ibuf_I_O)         1.411     1.411 r  CLK_IBUF_inst/O
                         net (fo=1, routed)           1.920     3.331    CLK_IBUF
    BUFGCTRL_X0Y16       BUFG (Prop_bufg_I_O)         0.091     3.422 r  CLK_IBUF_BUFG_inst/O
                         net (fo=272, routed)         1.605     5.028    BTN_FLTR_0/CLK
    SLICE_X3Y95          FDRE                                         r  BTN_FLTR_0/IN_SIGNAL_SYNC_reg[0]/C





Min Delay Paths
--------------------------------------------------------------------------------------
Slack:                    inf
  Source:                 BTN_0
                            (input port)
  Destination:            BTN_FLTR_0/IN_SIGNAL_SYNC_reg[0]/D
                            (rising edge-triggered cell FDRE clocked by sys_clk_pin  {rise@0.000ns fall@5.000ns period=10.000ns})
  Path Group:             (none)
  Path Type:              Hold (Min at Fast Process Corner)
  Data Path Delay:        0.632ns  (logic 0.254ns (40.109%)  route 0.379ns (59.891%))
  Logic Levels:           1  (IBUF=1)
  Clock Path Skew:        2.042ns (DCD - SCD - CPR)
    Destination Clock Delay (DCD):    2.042ns
    Source Clock Delay      (SCD):    0.000ns
    Clock Pessimism Removal (CPR):    -0.000ns

    Location             Delay type                Incr(ns)  Path(ns)    Netlist Resource(s)
  -------------------------------------------------------------------    -------------------
    M18                                               0.000     0.000 r  BTN_0 (IN)
                         net (fo=0)                   0.000     0.000    BTN_0
    M18                  IBUF (Prop_ibuf_I_O)         0.254     0.254 r  BTN_0_IBUF_inst/O
                         net (fo=1, routed)           0.379     0.632    BTN_FLTR_0/D[0]
    SLICE_X3Y95          FDRE                                         r  BTN_FLTR_0/IN_SIGNAL_SYNC_reg[0]/D
  -------------------------------------------------------------------    -------------------

                         (clock sys_clk_pin rise edge)
                                                      0.000     0.000 r  
    E3                                                0.000     0.000 r  CLK (IN)
                         net (fo=0)                   0.000     0.000    CLK
    E3                   IBUF (Prop_ibuf_I_O)         0.438     0.438 r  CLK_IBUF_inst/O
                         net (fo=1, routed)           0.699     1.136    CLK_IBUF
    BUFGCTRL_X0Y16       BUFG (Prop_bufg_I_O)         0.029     1.165 r  CLK_IBUF_BUFG_inst/O
                         net (fo=272, routed)         0.877     2.042    BTN_FLTR_0/CLK
    SLICE_X3Y95          FDRE                                         r  BTN_FLTR_0/IN_SIGNAL_SYNC_reg[0]/C

Slack:                    inf
  Source:                 BTN_1
                            (input port)
  Destination:            BTN_FLTR_1/IN_SIGNAL_SYNC_reg[0]/D
                            (rising edge-triggered cell FDRE clocked by sys_clk_pin  {rise@0.000ns fall@5.000ns period=10.000ns})
  Path Group:             (none)
  Path Type:              Hold (Min at Fast Process Corner)
  Data Path Delay:        0.767ns  (logic 0.248ns (32.321%)  route 0.519ns (67.679%))
  Logic Levels:           1  (IBUF=1)
  Clock Path Skew:        2.042ns (DCD - SCD - CPR)
    Destination Clock Delay (DCD):    2.042ns
    Source Clock Delay      (SCD):    0.000ns
    Clock Pessimism Removal (CPR):    -0.000ns

    Location             Delay type                Incr(ns)  Path(ns)    Netlist Resource(s)
  -------------------------------------------------------------------    -------------------
    P18                                               0.000     0.000 r  BTN_1 (IN)
                         net (fo=0)                   0.000     0.000    BTN_1
    P18                  IBUF (Prop_ibuf_I_O)         0.248     0.248 r  BTN_1_IBUF_inst/O
                         net (fo=1, routed)           0.519     0.767    BTN_FLTR_1/D[0]
    SLICE_X2Y93          FDRE                                         r  BTN_FLTR_1/IN_SIGNAL_SYNC_reg[0]/D
  -------------------------------------------------------------------    -------------------

                         (clock sys_clk_pin rise edge)
                                                      0.000     0.000 r  
    E3                                                0.000     0.000 r  CLK (IN)
                         net (fo=0)                   0.000     0.000    CLK
    E3                   IBUF (Prop_ibuf_I_O)         0.438     0.438 r  CLK_IBUF_inst/O
                         net (fo=1, routed)           0.699     1.136    CLK_IBUF
    BUFGCTRL_X0Y16       BUFG (Prop_bufg_I_O)         0.029     1.165 r  CLK_IBUF_BUFG_inst/O
                         net (fo=272, routed)         0.877     2.042    BTN_FLTR_1/CLK
    SLICE_X2Y93          FDRE                                         r  BTN_FLTR_1/IN_SIGNAL_SYNC_reg[0]/C

Slack:                    inf
  Source:                 SYS_NRST
                            (input port)
  Destination:            RST_S_reg[0]/PRE
                            (removal check against rising-edge clock sys_clk_pin  {rise@0.000ns fall@5.000ns period=10.000ns})
  Path Group:             (none)
  Path Type:              Removal (Min at Fast Process Corner)
  Data Path Delay:        1.313ns  (logic 0.275ns (20.906%)  route 1.039ns (79.094%))
  Logic Levels:           1  (IBUF=1)
  Clock Path Skew:        2.037ns (DCD - SCD - CPR)
    Destination Clock Delay (DCD):    2.037ns
    Source Clock Delay      (SCD):    0.000ns
    Clock Pessimism Removal (CPR):    -0.000ns

    Location             Delay type                Incr(ns)  Path(ns)    Netlist Resource(s)
  -------------------------------------------------------------------    -------------------
    C12                                               0.000     0.000 f  SYS_NRST (IN)
                         net (fo=0)                   0.000     0.000    SYS_NRST
    C12                  IBUF (Prop_ibuf_I_O)         0.275     0.275 f  SYS_NRST_IBUF_inst/O
                         net (fo=2, routed)           1.039     1.313    SYS_NRST_IBUF
    SLICE_X3Y102         FDPE                                         f  RST_S_reg[0]/PRE
  -------------------------------------------------------------------    -------------------

                         (clock sys_clk_pin rise edge)
                                                      0.000     0.000 r  
    E3                                                0.000     0.000 r  CLK (IN)
                         net (fo=0)                   0.000     0.000    CLK
    E3                   IBUF (Prop_ibuf_I_O)         0.438     0.438 r  CLK_IBUF_inst/O
                         net (fo=1, routed)           0.699     1.136    CLK_IBUF
    BUFGCTRL_X0Y16       BUFG (Prop_bufg_I_O)         0.029     1.165 r  CLK_IBUF_BUFG_inst/O
                         net (fo=272, routed)         0.872     2.037    CLK_IBUF_BUFG
    SLICE_X3Y102         FDPE                                         r  RST_S_reg[0]/C

Slack:                    inf
  Source:                 SYS_NRST
                            (input port)
  Destination:            RST_S_reg[1]/PRE
                            (removal check against rising-edge clock sys_clk_pin  {rise@0.000ns fall@5.000ns period=10.000ns})
  Path Group:             (none)
  Path Type:              Removal (Min at Fast Process Corner)
  Data Path Delay:        1.313ns  (logic 0.275ns (20.906%)  route 1.039ns (79.094%))
  Logic Levels:           1  (IBUF=1)
  Clock Path Skew:        2.037ns (DCD - SCD - CPR)
    Destination Clock Delay (DCD):    2.037ns
    Source Clock Delay      (SCD):    0.000ns
    Clock Pessimism Removal (CPR):    -0.000ns

    Location             Delay type                Incr(ns)  Path(ns)    Netlist Resource(s)
  -------------------------------------------------------------------    -------------------
    C12                                               0.000     0.000 f  SYS_NRST (IN)
                         net (fo=0)                   0.000     0.000    SYS_NRST
    C12                  IBUF (Prop_ibuf_I_O)         0.275     0.275 f  SYS_NRST_IBUF_inst/O
                         net (fo=2, routed)           1.039     1.313    SYS_NRST_IBUF
    SLICE_X3Y102         FDPE                                         f  RST_S_reg[1]/PRE
  -------------------------------------------------------------------    -------------------

                         (clock sys_clk_pin rise edge)
                                                      0.000     0.000 r  
    E3                                                0.000     0.000 r  CLK (IN)
                         net (fo=0)                   0.000     0.000    CLK
    E3                   IBUF (Prop_ibuf_I_O)         0.438     0.438 r  CLK_IBUF_inst/O
                         net (fo=1, routed)           0.699     1.136    CLK_IBUF
    BUFGCTRL_X0Y16       BUFG (Prop_bufg_I_O)         0.029     1.165 r  CLK_IBUF_BUFG_inst/O
                         net (fo=272, routed)         0.872     2.037    CLK_IBUF_BUFG
    SLICE_X3Y102         FDPE                                         r  RST_S_reg[1]/C

Slack:                    inf
  Source:                 UART_RXD
                            (input port)
  Destination:            DMI_UART/RXD_SYNC_reg[0]/D
                            (rising edge-triggered cell FDPE clocked by sys_clk_pin  {rise@0.000ns fall@5.000ns period=10.000ns})
  Path Group:             (none)
  Path Type:              Hold (Min at Fast Process Corner)
  Data Path Delay:        2.362ns  (logic 0.257ns (10.899%)  route 2.105ns (89.101%))
  Logic Levels:           1  (IBUF=1)
  Clock Path Skew:        2.012ns (DCD - SCD - CPR)
    Destination Clock Delay (DCD):    2.012ns
    Source Clock Delay      (SCD):    0.000ns
    Clock Pessimism Removal (CPR):    -0.000ns

    Location             Delay type                Incr(ns)  Path(ns)    Netlist Resource(s)
  -------------------------------------------------------------------    -------------------
    C4                                                0.000     0.000 r  UART_RXD (IN)
                         net (fo=0)                   0.000     0.000    UART_RXD
    C4                   IBUF (Prop_ibuf_I_O)         0.257     0.257 r  UART_RXD_IBUF_inst/O
                         net (fo=1, routed)           2.105     2.362    DMI_UART/RXD_SYNC_reg[0]_0[0]
    SLICE_X13Y98         FDPE                                         r  DMI_UART/RXD_SYNC_reg[0]/D
  -------------------------------------------------------------------    -------------------

                         (clock sys_clk_pin rise edge)
                                                      0.000     0.000 r  
    E3                                                0.000     0.000 r  CLK (IN)
                         net (fo=0)                   0.000     0.000    CLK
    E3                   IBUF (Prop_ibuf_I_O)         0.438     0.438 r  CLK_IBUF_inst/O
                         net (fo=1, routed)           0.699     1.136    CLK_IBUF
    BUFGCTRL_X0Y16       BUFG (Prop_bufg_I_O)         0.029     1.165 r  CLK_IBUF_BUFG_inst/O
                         net (fo=272, routed)         0.847     2.012    DMI_UART/CLK
    SLICE_X13Y98         FDPE                                         r  DMI_UART/RXD_SYNC_reg[0]/C





